Symbol,Name,Sector,Price,Price_Earnings,Dividend_Yield,Earnings_Share,52_Week_Low,52_Week_High,Market_Cap,EBITDA,Price_Sales,Price_Book,SEC Filings,Total_ESG_Risk_score,Environment_Risk_Score,Governance_Risk_Score,Social_Risk_Score,controversy_level,controversy_score,ESG_Risk_Percentile
MMM,3M Company,Industrials,222.89,24.31,2.3328617,7.92,259.77,175.49,138721055226,9048000000,4.3902707,11.34,http://www.sec.gov/cgi-bin/browse-edgar?action=getcompany&CIK=MMM,37.3,17.2,6.5,13.6,Severe Controversy Level,5.0,89th percentile
AOS,A.O. Smith Corp,Industrials,60.24,27.76,1.1479592,1.7,68.39,48.925,10783419933,601000000,3.5754826,6.35,http://www.sec.gov/cgi-bin/browse-edgar?action=getcompany&CIK=AOS,25.4,7.2,6.4,11.9,Low Controversy Level,1.0,51st percentile
ABT,Abbott Laboratories,Health Care,56.27,22.51,1.9089824,0.26,64.6,42.28,102121042306,5744000000,3.7404804,3.19,http://www.sec.gov/cgi-bin/browse-edgar?action=getcompany&CIK=ABT,24.8,2.3,8.3,14.2,Significant Controversy Level,3.0,48th percentile
ABBV,AbbVie Inc.,Health Care,108.48,19.41,2.4995599,3.29,125.86,60.05,181386347059,10310000000,6.291571,26.14,http://www.sec.gov/cgi-bin/browse-edgar?action=getcompany&CIK=ABBV,29.9,2.4,10.4,17.2,Significant Controversy Level,3.0,69th percentile
ACN,Accenture plc,Information Technology,150.51,25.47,1.7144699,5.44,162.6,114.82,98765855553,5643228000,2.604117,10.62,http://www.sec.gov/cgi-bin/browse-edgar?action=getcompany&CIK=ACN,9.8,0.8,4.4,4.6,Moderate Controversy Level,2.0,3rd percentile
ADBE,Adobe Systems Inc,Information Technology,185.16,52.31,0.0,3.39,204.45,114.451,94550214268,2538040000,13.092818,11.06,http://www.sec.gov/cgi-bin/browse-edgar?action=getcompany&CIK=ADBE,13.1,1.9,5.2,6.0,Moderate Controversy Level,2.0,7th percentile
AMD,Advanced Micro Devices Inc,Information Technology,11.22,187.0,0.0,0.03,15.65,9.7,11191663795,339000000,2.1091955,21.47,http://www.sec.gov/cgi-bin/browse-edgar?action=getcompany&CIK=AMD,21.703260869565216,5.863586956521731,6.7103260869565196,9.129076086956516,,2.0458452722063036,
AES,AES Corp,Utilities,10.06,9.96,4.961832,-1.72,12.05,10.0,6920851212,3001000000,0.65951383,2.2,http://www.sec.gov/cgi-bin/browse-edgar?action=getcompany&CIK=AES,26.7,13.3,5.3,8.2,Moderate Controversy Level,2.0,56th percentile
AFL,AFLAC Inc,Financials,83.25,12.24,2.4299066,11.01,91.73,68.8,33422948000,0,1.5429344,1.53,http://www.sec.gov/cgi-bin/browse-edgar?action=getcompany&CIK=AFL,18.3,0.3,8.9,9.1,Low Controversy Level,1.0,22nd percentile
A,Agilent Technologies Inc,Health Care,65.05,27.45,0.8756979,2.1,75.0,49.23,21984606918,1094000000,6.493563,4.56,http://www.sec.gov/cgi-bin/browse-edgar?action=getcompany&CIK=A,13.6,1.1,6.1,6.4,Moderate Controversy Level,2.0,8th percentile
APD,Air Products & Chemicals Inc,Materials,152.8,24.22,2.7811136,13.66,175.17,133.6301,34638387128,2542500000,4.1163683,3.35,http://www.sec.gov/cgi-bin/browse-edgar?action=getcompany&CIK=APD,12.3,7.4,3.3,1.5,Low Controversy Level,1.0,5th percentile
AKAM,Akamai Technologies Inc,Information Technology,62.49,32.55,0.0,1.79,69.56,44.65,10906904066,789517000,5.8546524,3.25,http://www.sec.gov/cgi-bin/browse-edgar?action=getcompany&CIK=AKAM,17.0,3.0,6.9,7.1,Low Controversy Level,1.0,17th percentile
ALB,Albemarle Corp,Materials,105.18,26.03,1.2004126,5.66,144.99,90.35,11782151266,686030000,5.3666205,2.98,http://www.sec.gov/cgi-bin/browse-edgar?action=getcompany&CIK=ALB,26.6,15.4,6.3,4.8,Moderate Controversy Level,2.0,55th percentile
ARE,Alexandria Real Estate Equities Inc,Real Estate,114.58,19.03,3.0262272,1.57,134.37,106.89,12043374429,0,10.492155,2.07,http://www.sec.gov/cgi-bin/browse-edgar?action=getcompany&CIK=ARE,13.9,3.9,6.3,3.7,None Controversy Level,2.0458452722063036,9th percentile
ALGN,Align Technology,Health Care,220.71,56.59,0.0,2.84,287.32,92.61,18788041378,380326000,13.138819,16.44,http://www.sec.gov/cgi-bin/browse-edgar?action=getcompany&CIK=ALGN,21.703260869565216,5.863586956521731,6.7103260869565196,9.129076086956516,,2.0458452722063036,
ALLE,Allegion,Industrials,77.32,21.07,0.8004002,2.37,89.81,66.72,7599609494,531800000,4.265232,20.48,http://www.sec.gov/cgi-bin/browse-edgar?action=getcompany&CIK=ALLE,21.8,10.9,5.0,5.8,None Controversy Level,2.0458452722063036,35th percentile
LNT,Alliant Energy Corp,Utilities,37.14,19.86,3.5733333,1.65,45.55,36.84,8670163500,1168400000,3.4331481,2.13,http://www.sec.gov/cgi-bin/browse-edgar?action=getcompany&CIK=LNT,21.4,8.5,6.3,6.6,None Controversy Level,2.0458452722063036,33rd percentile
ALL,Allstate Corp,Financials,90.06,13.26,1.5278208,4.68,105.36,77.73,34759468905,0,1.2085556,1.67,http://www.sec.gov/cgi-bin/browse-edgar?action=getcompany&CIK=ALL,22.0,1.0,10.9,10.1,Moderate Controversy Level,2.0,36th percentile
GOOGL,Alphabet Inc Class A,Information Technology,1007.71,31.48,0.0,22.27,1198.0,824.3,733823966137,34217000000,6.801692,4.7,http://www.sec.gov/cgi-bin/browse-edgar?action=getcompany&CIK=GOOGL,24.2,1.6,11.5,11.2,High Controversy Level,4.0,46th percentile
GOOG,Alphabet Inc Class C,Information Technology,1001.52,40.29,0.0,22.27,1186.89,803.1903,728535558140,32714000000,6.772653,4.67,http://www.sec.gov/cgi-bin/browse-edgar?action=getcompany&CIK=GOOG,21.703260869565216,5.863586956521731,6.7103260869565196,9.129076086956516,,2.0458452722063036,
MO,Altria Group Inc,Consumer Staples,64.05,18.89,3.9526875,5.31,77.79,60.01,126985101434,10773000000,4.945682,10.32,http://www.sec.gov/cgi-bin/browse-edgar?action=getcompany&CIK=MO,31.3,6.1,7.6,17.6,Significant Controversy Level,3.0,74th percentile
AMZN,Amazon.com Inc,Consumer Discretionary,1350.5,296.16,0.0,6.16,1498.0,812.5,685873374731,16132000000,3.927053,24.28,http://www.sec.gov/cgi-bin/browse-edgar?action=getcompany&CIK=AMZN,30.6,6.0,9.2,15.4,Significant Controversy Level,3.0,71st percentile
AEE,Ameren Corp,Utilities,52.59,20.38,3.4404964,2.68,64.89,51.81,12905744906,2298000000,2.693119,1.79,http://www.sec.gov/cgi-bin/browse-edgar?action=getcompany&CIK=AEE,27.2,12.9,5.3,9.1,Moderate Controversy Level,2.0,58th percentile
AAL,American Airlines Group,Industrials,48.6,9.92,0.7782101,3.91,59.08,39.21,24594852352,5761000000,0.58022565,6.03,http://www.sec.gov/cgi-bin/browse-edgar?action=getcompany&CIK=AAL,26.4,9.9,4.8,11.6,Moderate Controversy Level,2.0,54th percentile
AEP,American Electric Power,Utilities,63.38,17.32,3.8479443,1.24,78.07,62.69,31701916517,4450800000,2.7489934,1.81,http://www.sec.gov/cgi-bin/browse-edgar?action=getcompany&CIK=AEP,26.1,12.7,5.4,8.1,Moderate Controversy Level,2.0,54th percentile
AXP,American Express Co,Financials,88.34,15.0,1.4955667,2.9,102.385,75.51,80410990000,0,2.273575,3.75,http://www.sec.gov/cgi-bin/browse-edgar?action=getcompany&CIK=AXP,18.6,0.1,9.7,8.9,Moderate Controversy Level,2.0,23rd percentile
AIG,"American International Group, Inc.",Financials,58.28,23.22,2.1167521,-0.76,67.3,57.85,54360073164,0,1.4686536,0.75,http://www.sec.gov/cgi-bin/browse-edgar?action=getcompany&CIK=AIG,24.2,1.6,12.9,9.7,Moderate Controversy Level,2.0,46th percentile
AMT,American Tower Corp A,Real Estate,133.57,20.68,2.0,1.97,155.28,103.36,59213892640,3792383000,11.954137,9.22,http://www.sec.gov/cgi-bin/browse-edgar?action=getcompany&CIK=AMT,10.9,2.9,5.2,2.8,Low Controversy Level,1.0,4th percentile
AWK,American Water Works Company Inc,Utilities,76.06,26.23,2.129297,2.63,92.37,71.89,13906146184,1711000000,5.553833,2.55,http://www.sec.gov/cgi-bin/browse-edgar?action=getcompany&CIK=AWK,21.6,9.0,5.0,7.6,Low Controversy Level,1.0,34th percentile
AMP,Ameriprise Financial,Financials,152.5,12.41,2.0735743,9.44,183.9,118.84,23472126000,0,1.9493247,3.73,http://www.sec.gov/cgi-bin/browse-edgar?action=getcompany&CIK=AMP,20.3,2.1,10.3,7.8,Moderate Controversy Level,2.0,29th percentile
AME,AMETEK Inc,Industrials,72.05,27.61,0.75512403,2.94,78.51,51.31,17139651923,1025763000,4.015368,4.54,http://www.sec.gov/cgi-bin/browse-edgar?action=getcompany&CIK=AME,23.9,8.6,6.7,8.5,Low Controversy Level,1.0,44th percentile
AMGN,Amgen Inc,Health Care,173.12,13.76,2.9751508,2.57,201.23,152.16,128133340000,11945000000,5.58192,3.91,http://www.sec.gov/cgi-bin/browse-edgar?action=getcompany&CIK=AMGN,22.0,0.7,7.8,13.5,Significant Controversy Level,3.0,36th percentile
APH,Amphenol Corp,Information Technology,84.44,25.9,0.8608971,2.05,93.62,67.26,26955335395,1671700000,3.85675,6.64,http://www.sec.gov/cgi-bin/browse-edgar?action=getcompany&CIK=APH,19.6,7.3,7.6,4.6,Moderate Controversy Level,2.0,26th percentile
ADI,"Analog Devices, Inc.",Information Technology,82.68,17.67,2.108963,2.11,98.38,74.65,31811578855,1663384000,8.00391,3.13,http://www.sec.gov/cgi-bin/browse-edgar?action=getcompany&CIK=ADI,22.9,9.3,7.0,6.7,Low Controversy Level,1.0,40th percentile
ANSS,ANSYS,Information Technology,148.84,42.53,0.0,2.99,164.9,94.52,13155919129,458515000,16.8134,5.79,http://www.sec.gov/cgi-bin/browse-edgar?action=getcompany&CIK=ANSS,15.9,3.5,5.1,7.3,None Controversy Level,2.0458452722063036,14th percentile
AON,Aon plc,Financials,136.05,20.8,1.0245464,4.66,152.78,113.2201,35123123422,1858000000,3.4972682,6.78,http://www.sec.gov/cgi-bin/browse-edgar?action=getcompany&CIK=AON,21.703260869565216,5.863586956521731,6.7103260869565196,9.129076086956516,,2.0458452722063036,
APA,Apache Corporation,Energy,37.73,-251.53,2.528445,-3.72,57.9,38.14,15066280977,3265000000,3.651366,2.22,http://www.sec.gov/cgi-bin/browse-edgar?action=getcompany&CIK=APA,38.8,22.0,8.0,8.9,Moderate Controversy Level,2.0,83rd percentile
AAPL,Apple Inc.,Information Technology,155.15,16.86,1.5795412,9.2,180.1,131.12,809508034020,79386000000,3.4586093,5.66,http://www.sec.gov/cgi-bin/browse-edgar?action=getcompany&CIK=AAPL,17.2,0.5,9.4,7.4,Significant Controversy Level,3.0,18th percentile
AMAT,Applied Materials Inc,Information Technology,45.75,14.08,0.8215239,3.17,60.89,34.58,51296481503,4336000000,4.7020154,5.44,http://www.sec.gov/cgi-bin/browse-edgar?action=getcompany&CIK=AMAT,12.7,4.5,5.3,3.0,Low Controversy Level,1.0,6th percentile
APTV,Aptiv Plc,Consumer Discretionary,89.27,69.74,0.9392678,5.05,96.91,82.97,24906530300,2370000000,1.5025798,7.56,http://www.sec.gov/cgi-bin/browse-edgar?action=getcompany&CIK=APTV,10.7,1.5,5.3,3.9,Low Controversy Level,1.0,3rd percentile
ADM,Archer-Daniels-Midland Co,Consumer Staples,41.35,17.45,3.1761081,2.17,47.44,38.59,23594770663,2927000000,0.52478915,1.29,http://www.sec.gov/cgi-bin/browse-edgar?action=getcompany&CIK=ADM,31.8,16.6,5.0,10.1,Significant Controversy Level,3.0,75th percentile
AJG,Arthur J. Gallagher & Co.,Financials,64.4,21.05,2.4807138,2.54,70.55,53.63,11968488290,888000000,1.9400215,2.92,http://www.sec.gov/cgi-bin/browse-edgar?action=getcompany&CIK=AJG,21.2,0.1,10.1,10.9,Moderate Controversy Level,2.0,33rd percentile
AIZ,Assurant Inc,Financials,85.16,33.27,2.5313594,9.08,106.985,85.91,4653993594,0,0.9821866,1.12,http://www.sec.gov/cgi-bin/browse-edgar?action=getcompany&CIK=AIZ,24.1,1.6,11.7,10.8,Moderate Controversy Level,2.0,45th percentile
T,AT&T Inc,Telecommunication Services,35.57,12.14,5.4156513,4.76,42.7,32.55,226713270000,49653000000,1.4083152,1.8,http://www.sec.gov/cgi-bin/browse-edgar?action=getcompany&CIK=T,23.9,3.3,6.7,13.9,Significant Controversy Level,3.0,44th percentile
ADSK,Autodesk Inc,Information Technology,104.81,-77.07,0.0,-2.61,131.1,81.75,24348294504,-378100000,16.50682,224.13,http://www.sec.gov/cgi-bin/browse-edgar?action=getcompany&CIK=ADSK,16.8,3.7,4.9,8.2,None Controversy Level,2.0458452722063036,16th percentile
ADP,Automatic Data Processing,Information Technology,108.25,29.34,2.2190912,3.85,125.24,95.5,50337702249,2767400000,4.0483294,12.86,http://www.sec.gov/cgi-bin/browse-edgar?action=getcompany&CIK=ADP,13.8,2.8,5.5,5.5,Low Controversy Level,1.0,8th percentile
AZO,AutoZone Inc,Consumer Discretionary,718.57,16.31,0.0,44.09,797.89,491.13,19922021415,2347304000,1.8510429,136.23,http://www.sec.gov/cgi-bin/browse-edgar?action=getcompany&CIK=AZO,11.0,0.1,3.8,7.1,Moderate Controversy Level,2.0,4th percentile
AVB,"AvalonBay Communities, Inc.",Real Estate,154.94,17.97,3.7149355,6.36,199.52,156.01,21856547430,1331579000,10.251216,2.12,http://www.sec.gov/cgi-bin/browse-edgar?action=getcompany&CIK=AVB,9.8,3.0,4.8,2.0,Low Controversy Level,1.0,3rd percentile
AVY,Avery Dennison Corp,Materials,110.77,22.11,1.5682175,3.11,123.67,78.471,10104814319,831200000,1.5206499,8.83,http://www.sec.gov/cgi-bin/browse-edgar?action=getcompany&CIK=AVY,16.1,11.4,3.7,0.9,Low Controversy Level,1.0,14th percentile
BAC,Bank of America Corp,Financials,29.74,16.34,1.536,1.55,32.67,22.07,321478200969,0,3.2011874,1.24,http://www.sec.gov/cgi-bin/browse-edgar?action=getcompany&CIK=BAC,28.3,1.7,11.5,15.1,Significant Controversy Level,3.0,62nd percentile
BAX,Baxter International Inc.,Health Care,62.56,25.12,0.97635394,1.29,72.58,48.15,35713732553,1832000000,3.4394414,3.77,http://www.sec.gov/cgi-bin/browse-edgar?action=getcompany&CIK=BAX,23.6,2.8,7.1,13.6,Significant Controversy Level,3.0,43rd percentile
BDX,Becton Dickinson,Health Care,211.44,22.28,1.3518385,4.65,248.3888,175.66,50910180308,1537000000,5.6912947,3.98,http://www.sec.gov/cgi-bin/browse-edgar?action=getcompany&CIK=BDX,23.8,3.0,7.1,13.6,Significant Controversy Level,3.0,44th percentile
BBY,Best Buy Co. Inc.,Consumer Discretionary,68.79,19.22,1.9085041,3.81,78.59,41.67,20831186176,2555000000,0.76715523,4.79,http://www.sec.gov/cgi-bin/browse-edgar?action=getcompany&CIK=BBY,15.9,2.4,4.4,9.1,Moderate Controversy Level,2.0,14th percentile
BIIB,Biogen Inc.,Health Care,311.79,14.3,0.0,11.94,370.57,244.28,69157726427,6511400000,5.737439,5.51,http://www.sec.gov/cgi-bin/browse-edgar?action=getcompany&CIK=BIIB,22.2,0.4,7.4,14.5,Significant Controversy Level,3.0,37th percentile
BLK,BlackRock,Financials,509.38,22.49,2.1643558,30.3,594.52,368.0,85907759858,5684000000,6.9158196,2.95,http://www.sec.gov/cgi-bin/browse-edgar?action=getcompany&CIK=BLK,18.3,0.9,10.0,7.4,Moderate Controversy Level,2.0,21st percentile
BA,Boeing Company,Industrials,329.66,27.29,1.9648397,13.47,361.45,163.69,205617405233,12476000000,2.1560605,182.86,http://www.sec.gov/cgi-bin/browse-edgar?action=getcompany&CIK=BA,39.6,8.8,8.3,22.5,High Controversy Level,4.0,91st percentile
BWA,BorgWarner,Consumer Discretionary,51.94,14.15,1.2363636,0.55,58.22,37.54,11596117445,867900000,1.5831376,2.89,http://www.sec.gov/cgi-bin/browse-edgar?action=getcompany&CIK=BWA,12.6,2.7,5.7,4.2,Moderate Controversy Level,2.0,6th percentile
BXP,Boston Properties,Real Estate,112.09,18.05,2.7744062,2.93,140.13,111.87,17799878487,1546846000,6.839459,3.15,http://www.sec.gov/cgi-bin/browse-edgar?action=getcompany&CIK=BXP,12.5,2.5,5.4,4.5,Low Controversy Level,1.0,6th percentile
BSX,Boston Scientific,Health Care,25.2,20.0,0.0,0.07,29.93,23.29,36142506007,1726000000,4.055685,4.78,http://www.sec.gov/cgi-bin/browse-edgar?action=getcompany&CIK=BSX,23.1,2.4,8.9,11.9,Moderate Controversy Level,2.0,41st percentile
BMY,Bristol-Myers Squibb,Health Care,62.69,20.83,2.5546863,2.65,66.1,51.12,102506501960,5170000000,6.503231,6.75,http://www.sec.gov/cgi-bin/browse-edgar?action=getcompany&CIK=BMY,22.7,1.3,7.1,14.4,Moderate Controversy Level,2.0,39th percentile
AVGO,Broadcom,Information Technology,229.57,15.94,2.9488583,4.01,285.68,202.61,92791974933,7016000000,6.961893,4.4,http://www.sec.gov/cgi-bin/browse-edgar?action=getcompany&CIK=AVGO,20.0,7.3,6.6,6.0,Significant Controversy Level,3.0,28th percentile
BF.B,Brown-Forman Corp.,Consumer Staples,63.33,37.04,1.1216964,1.7,69.9028,45.415,5498033502,1139000000,1.8411398,12.36,http://www.sec.gov/cgi-bin/browse-edgar?action=getcompany&CIK=BF.B,21.703260869565216,5.863586956521731,6.7103260869565196,9.129076086956516,,2.0458452722063036,
CHRW,C. H. Robinson Worldwide,Industrials,90.47,26.0,1.987685,3.57,100.18,63.41,12932483889,868096000,0.85282737,9.31,http://www.sec.gov/cgi-bin/browse-edgar?action=getcompany&CIK=CHRW,19.3,4.7,5.3,9.3,Low Controversy Level,1.0,26th percentile
CDNS,Cadence Design Systems,Information Technology,36.82,34.09,0.0,0.74,46.0,29.01,10890625200,455607000,5.751737,10.98,http://www.sec.gov/cgi-bin/browse-edgar?action=getcompany&CIK=CDNS,12.0,2.3,4.8,4.9,None Controversy Level,2.0458452722063036,5th percentile
CPB,Campbell Soup,Consumer Staples,44.83,14.84,3.125,2.89,64.23,43.5,13467193376,1683000000,2.3898203,7.91,http://www.sec.gov/cgi-bin/browse-edgar?action=getcompany&CIK=CPB,23.5,10.9,4.5,8.1,Moderate Controversy Level,2.0,42nd percentile
COF,Capital One Financial,Financials,91.8,11.85,1.6306564,3.45,106.5,76.05,47637260000,0,1.5931405,0.94,http://www.sec.gov/cgi-bin/browse-edgar?action=getcompany&CIK=COF,22.5,0.1,10.1,12.3,Significant Controversy Level,3.0,38th percentile
CAH,Cardinal Health Inc.,Health Care,66.63,12.29,2.8394227,4.04,84.88,54.66,20493281175,1913000000,0.21131156,3.03,http://www.sec.gov/cgi-bin/browse-edgar?action=getcompany&CIK=CAH,14.9,1.2,6.4,7.3,Significant Controversy Level,3.0,11th percentile
KMX,Carmax Inc,Consumer Discretionary,64.34,19.44,0.0,3.97,77.64,54.29,11827453706,1339628000,0.6913859,3.55,http://www.sec.gov/cgi-bin/browse-edgar?action=getcompany&CIK=KMX,12.1,0.1,4.0,8.0,Moderate Controversy Level,2.0,5th percentile
CCL,Carnival Corp.,Consumer Discretionary,66.76,17.48,2.6041667,3.58,72.7,54.75,49180044050,4711000000,2.8147783,2.0,http://www.sec.gov/cgi-bin/browse-edgar?action=getcompany&CIK=CCL,24.5,9.4,5.0,10.1,Significant Controversy Level,3.0,47th percentile
CAT,Caterpillar Inc.,Industrials,145.99,21.22,2.0215108,1.26,173.24,90.34,91822049046,8136000000,2.0468428,5.75,http://www.sec.gov/cgi-bin/browse-edgar?action=getcompany&CIK=CAT,36.2,10.4,8.1,17.7,High Controversy Level,4.0,86th percentile
CBOE,CBOE Holdings,Financials,111.15,35.06,0.9426963,2.27,138.54,76.75,12998295607,488406000,8.249042,5.15,http://www.sec.gov/cgi-bin/browse-edgar?action=getcompany&CIK=CBOE,21.0,2.7,10.6,7.6,Low Controversy Level,1.0,32nd percentile
CNC,Centene Corporation,Health Care,100.36,19.12,0.0,3.23,112.42,65.03,18012494506,2063000000,0.5028663,2.58,http://www.sec.gov/cgi-bin/browse-edgar?action=getcompany&CIK=CNC,19.9,0.1,6.5,13.3,Moderate Controversy Level,2.0,28th percentile
CNP,CenterPoint Energy,Utilities,25.85,19.73,4.2109256,1.0,30.45,25.51,11362043297,2337000000,1.6262617,3.21,http://www.sec.gov/cgi-bin/browse-edgar?action=getcompany&CIK=CNP,28.7,12.9,5.1,10.7,Moderate Controversy Level,2.0,64th percentile
CF,CF Industries Holdings Inc,Materials,37.46,-59.46,3.0395136,-1.2,43.98,25.04,9209106695,711000000,3.0044448,2.81,http://www.sec.gov/cgi-bin/browse-edgar?action=getcompany&CIK=CF,29.3,16.2,5.4,7.7,Low Controversy Level,1.0,66th percentile
SCHW,Charles Schwab Corporation,Financials,48.9,29.82,0.76878726,1.61,56.25,37.16,69750188843,0,7.949615,4.51,http://www.sec.gov/cgi-bin/browse-edgar?action=getcompany&CIK=SCHW,23.3,2.4,11.9,8.9,Moderate Controversy Level,2.0,41st percentile
CHTR,Charter Communications,Consumer Discretionary,348.65,162.92,0.0,34.08,408.83,308.3,86708878113,14694000000,2.1208634,2.27,http://www.sec.gov/cgi-bin/browse-edgar?action=getcompany&CIK=CHTR,24.7,6.1,7.9,10.7,Moderate Controversy Level,2.0,48th percentile
CVX,Chevron Corp.,Energy,112.3,27.52,3.885853,4.85,133.88,102.55,218978820159,28877000000,1.6489863,1.71,http://www.sec.gov/cgi-bin/browse-edgar?action=getcompany&CIK=CVX,36.6,17.0,10.4,9.2,Significant Controversy Level,3.0,87th percentile
CMG,Chipotle Mexican Grill,Consumer Discretionary,266.01,45.86,0.0,0.8,499.0,263.0,7685283970,401293000,2.5523853,6.11,http://www.sec.gov/cgi-bin/browse-edgar?action=getcompany&CIK=CMG,20.7,6.8,4.3,9.6,Moderate Controversy Level,2.0,30th percentile
CB,Chubb Limited,Financials,140.39,17.5,1.9251627,8.2,157.5,130.17,68424670566,0,2.0985637,1.35,http://www.sec.gov/cgi-bin/browse-edgar?action=getcompany&CIK=CB,23.6,1.5,10.6,11.5,Moderate Controversy Level,2.0,43rd percentile
CHD,Church & Dwight,Consumer Staples,47.38,24.42,1.8366054,2.92,54.1799,43.21,11838963451,868000000,3.1682448,6.28,http://www.sec.gov/cgi-bin/browse-edgar?action=getcompany&CIK=CHD,19.9,6.9,6.7,6.3,Low Controversy Level,1.0,27th percentile
CI,CIGNA Corp.,Health Care,189.27,18.11,0.020466639,7.2,227.13,141.93,47680910480,0,1.550762,3.39,http://www.sec.gov/cgi-bin/browse-edgar?action=getcompany&CIK=CI,11.6,0.0,5.7,6.0,Moderate Controversy Level,2.0,3rd percentile
CINF,Cincinnati Financial,Financials,70.34,27.48,2.918904,3.55,81.98,68.24,11916533018,0,2.756679,1.6,http://www.sec.gov/cgi-bin/browse-edgar?action=getcompany&CIK=CINF,25.6,1.8,12.9,11.0,Low Controversy Level,1.0,52nd percentile
CTAS,Cintas Corporation,Industrials,149.32,32.75,1.0344827,4.38,169.96,113.79,16676145923,1097295000,2.7614057,6.53,http://www.sec.gov/cgi-bin/browse-edgar?action=getcompany&CIK=CTAS,18.1,3.0,5.9,9.2,Moderate Controversy Level,2.0,21st percentile
CSCO,Cisco Systems,Information Technology,38.77,17.87,2.8755577,1.91,42.98,30.36,199425716482,15447000000,5.484418,3.07,http://www.sec.gov/cgi-bin/browse-edgar?action=getcompany&CIK=CSCO,13.9,0.4,6.5,6.9,Moderate Controversy Level,2.0,8th percentile
C,Citigroup Inc.,Financials,71.87,13.48,1.7068943,-3.1,80.7,56.14,192709302000,0,2.1857586,0.9,http://www.sec.gov/cgi-bin/browse-edgar?action=getcompany&CIK=C,29.2,1.8,13.7,13.8,High Controversy Level,4.0,66th percentile
CFG,Citizens Financial Group,Financials,42.19,16.04,1.9625335,3.27,48.23,31.51,22008050974,0,3.3917346,1.08,http://www.sec.gov/cgi-bin/browse-edgar?action=getcompany&CIK=CFG,23.5,2.0,11.4,10.1,Moderate Controversy Level,2.0,42nd percentile
CME,CME Group Inc.,Financials,153.04,32.15,3.6828613,11.94,163.0,114.8176,54423298745,2851800000,14.881806,2.51,http://www.sec.gov/cgi-bin/browse-edgar?action=getcompany&CIK=CME,17.8,2.1,9.2,6.5,Low Controversy Level,1.0,20th percentile
CMS,CMS Energy,Utilities,41.77,21.42,3.3918407,1.99,50.85,41.07,11873960824,2099000000,2.4711676,2.65,http://www.sec.gov/cgi-bin/browse-edgar?action=getcompany&CIK=CMS,21.7,9.6,5.2,6.8,Moderate Controversy Level,2.0,35th percentile
KO,Coca-Cola Company (The),Consumer Staples,43.1,22.8,3.3213644,1.49,48.615,40.22,189855335601,8589000000,6.822138,8.65,http://www.sec.gov/cgi-bin/browse-edgar?action=getcompany&CIK=KO,21.6,7.2,4.9,9.5,Significant Controversy Level,3.0,35th percentile
CTSH,Cognizant Technology Solutions,Information Technology,75.16,22.44,1.0454783,2.54,79.28,54.76,45119684067,2946000000,3.9678397,3.94,http://www.sec.gov/cgi-bin/browse-edgar?action=getcompany&CIK=CTSH,14.7,1.1,5.9,7.6,Moderate Controversy Level,2.0,10th percentile
CL,Colgate-Palmolive,Consumer Staples,68.95,24.02,2.2801766,2.28,77.91,66.26,61616643498,4064000000,4.000737,236.42,http://www.sec.gov/cgi-bin/browse-edgar?action=getcompany&CIK=CL,26.2,8.3,6.5,11.3,Moderate Controversy Level,2.0,54th percentile
CMCSA,Comcast Corp.,Consumer Discretionary,38.19,18.54,1.8929017,4.74,44.0,34.78,186476996883,28675000000,2.1797748,2.65,http://www.sec.gov/cgi-bin/browse-edgar?action=getcompany&CIK=CMCSA,23.1,4.0,8.2,10.9,Moderate Controversy Level,2.0,41st percentile
CMA,Comerica Inc.,Financials,89.18,18.89,1.2823253,4.13,98.18,64.04,16274969256,0,4.905472,1.96,http://www.sec.gov/cgi-bin/browse-edgar?action=getcompany&CIK=CMA,25.2,2.5,11.7,11.0,Moderate Controversy Level,2.0,50th percentile
CAG,Conagra Brands,Consumer Staples,35.49,18.2,2.3683476,1.46,41.68,32.16,14379717835,1281200000,1.8294994,3.86,http://www.sec.gov/cgi-bin/browse-edgar?action=getcompany&CIK=CAG,30.8,10.7,4.7,15.4,Moderate Controversy Level,2.0,72nd percentile
COP,ConocoPhillips,Energy,53.24,72.93,2.049254,-0.65,61.315,42.265,65482462410,5328000000,2.0764177,2.16,http://www.sec.gov/cgi-bin/browse-edgar?action=getcompany&CIK=COP,33.9,17.6,8.3,8.1,Moderate Controversy Level,2.0,81st percentile
ED,Consolidated Edison,Utilities,74.73,18.64,3.8001595,4.1,89.7,72.63,23335777662,4288000000,2.960244,1.58,http://www.sec.gov/cgi-bin/browse-edgar?action=getcompany&CIK=ED,23.8,6.9,6.1,10.9,Significant Controversy Level,3.0,44th percentile
STZ,Constellation Brands,Consumer Staples,208.73,30.92,0.9712818,8.71,229.5,152.01,41697453163,3033300000,5.145596,5.14,http://www.sec.gov/cgi-bin/browse-edgar?action=getcompany&CIK=STZ,24.7,9.4,5.2,10.0,Moderate Controversy Level,2.0,48th percentile
GLW,Corning Inc.,Information Technology,28.45,16.45,2.0791416,-0.78,35.1,26.31,25759280346,2970000000,2.544682,1.71,http://www.sec.gov/cgi-bin/browse-edgar?action=getcompany&CIK=GLW,16.5,5.5,6.1,4.8,Moderate Controversy Level,2.0,16th percentile
COST,Costco Wholesale Corp.,Consumer Staples,178.61,30.69,1.0917627,6.09,199.88,150.0,80439804508,5679000000,0.61203885,7.24,http://www.sec.gov/cgi-bin/browse-edgar?action=getcompany&CIK=COST,23.3,6.5,5.6,11.2,Significant Controversy Level,3.0,41st percentile
CCI,Crown Castle International Corp.,Real Estate,103.81,21.45,3.862069,1.02,114.97,86.93,44183023189,2292600000,10.125291,3.54,http://www.sec.gov/cgi-bin/browse-edgar?action=getcompany&CIK=CCI,10.1,4.1,4.3,1.7,None Controversy Level,2.0458452722063036,3rd percentile
CSX,CSX Corp.,Industrials,50.47,21.94,1.5102888,6.07,60.04,45.41,47340511707,5003000000,4.216355,4.27,http://www.sec.gov/cgi-bin/browse-edgar?action=getcompany&CIK=CSX,21.9,7.0,4.8,10.0,Moderate Controversy Level,2.0,36th percentile
CMI,Cummins Inc.,Industrials,165.73,16.83,2.5008683,8.23,194.18,143.8301,28669230787,2924000000,1.9406168,3.89,http://www.sec.gov/cgi-bin/browse-edgar?action=getcompany&CIK=CMI,19.3,5.6,5.9,7.7,Moderate Controversy Level,2.0,25th percentile
CVS,CVS Health,Consumer Staples,70.55,12.36,2.6899798,4.91,84.0,66.45,75323141722,11704000000,0.549852,2.13,http://www.sec.gov/cgi-bin/browse-edgar?action=getcompany&CIK=CVS,22.0,0.0,6.2,15.8,Significant Controversy Level,3.0,36th percentile
DHI,D. R. Horton,Consumer Discretionary,44.55,16.32,1.0801469,2.73,53.32,29.3716,17390873686,1691000000,1.1931022,2.17,http://www.sec.gov/cgi-bin/browse-edgar?action=getcompany&CIK=DHI,21.0,8.7,5.7,6.7,Moderate Controversy Level,2.0,32nd percentile
DHR,Danaher Corp.,Health Care,92.16,22.87,0.5879265,3.53,104.82,78.97,66351150000,4339800000,3.688278,2.65,http://www.sec.gov/cgi-bin/browse-edgar?action=getcompany&CIK=DHR,11.9,1.4,5.3,5.2,Moderate Controversy Level,2.0,5th percentile
DRI,Darden Restaurants,Consumer Discretionary,91.33,22.72,2.6503997,3.81,100.11,71.7,11745595320,997600000,1.5278828,5.89,http://www.sec.gov/cgi-bin/browse-edgar?action=getcompany&CIK=DRI,27.5,7.9,4.6,15.0,Moderate Controversy Level,2.0,59th percentile
DVA,DaVita Inc.,Health Care,71.91,20.55,0.0,4.3,80.71,52.51,13685178000,2252294000,1.1451397,2.79,http://www.sec.gov/cgi-bin/browse-edgar?action=getcompany&CIK=DVA,22.6,0.1,8.4,14.1,Moderate Controversy Level,2.0,38th percentile
DE,Deere & Co.,Industrials,153.66,23.14,1.4866204,6.64,171.96,106.72,52186628646,4053300000,2.3746448,5.31,http://www.sec.gov/cgi-bin/browse-edgar?action=getcompany&CIK=DE,20.0,2.7,6.5,10.8,Moderate Controversy Level,2.0,28th percentile
DAL,Delta Air Lines Inc.,Industrials,51.23,10.37,2.2655525,4.94,60.79,43.81,38393603535,8348000000,0.91792434,2.67,http://www.sec.gov/cgi-bin/browse-edgar?action=getcompany&CIK=DAL,30.3,9.9,5.8,14.6,Moderate Controversy Level,2.0,70th percentile
DVN,Devon Energy Corp.,Energy,34.94,23.93,0.6528836,-6.89,47.25,28.7947,19317380000,3723000000,2.0660408,2.85,http://www.sec.gov/cgi-bin/browse-edgar?action=getcompany&CIK=DVN,33.8,17.7,7.5,8.6,Moderate Controversy Level,2.0,80th percentile
DLR,Digital Realty Trust Inc,Real Estate,98.96,16.55,3.5710857,2.19,127.23,101.101,21400952517,1260662000,12.434961,2.32,http://www.sec.gov/cgi-bin/browse-edgar?action=getcompany&CIK=DLR,12.6,2.8,7.0,2.8,None Controversy Level,2.0458452722063036,6th percentile
DFS,Discover Financial Services,Financials,72.4,12.13,1.8269607,5.41,81.93,57.5,27433540000,0,2.3610325,2.52,http://www.sec.gov/cgi-bin/browse-edgar?action=getcompany&CIK=DFS,22.5,0.1,10.5,11.9,Moderate Controversy Level,2.0,38th percentile
DG,Dollar General,Consumer Discretionary,95.1,21.18,1.0625255,4.43,105.82,65.97,26580644874,2457604000,1.5283886,4.53,http://www.sec.gov/cgi-bin/browse-edgar?action=getcompany&CIK=DG,17.6,3.5,5.5,8.6,Moderate Controversy Level,2.0,19th percentile
DLTR,Dollar Tree,Consumer Discretionary,101.58,26.66,0.0,3.77,116.65,65.63,25151198417,2430300000,1.6097589,4.08,http://www.sec.gov/cgi-bin/browse-edgar?action=getcompany&CIK=DLTR,20.1,3.3,4.0,12.8,Moderate Controversy Level,2.0,28th percentile
D,Dominion Energy,Utilities,73.31,20.42,4.5281997,4.91,85.3,71.59,47543571860,6428000000,3.7954214,2.96,http://www.sec.gov/cgi-bin/browse-edgar?action=getcompany&CIK=D,26.4,11.9,5.6,8.8,Moderate Controversy Level,2.0,55th percentile
DOV,Dover Corp.,Industrials,96.2,23.87,1.8815053,5.15,109.06,75.51,15566645713,1513291000,1.986176,3.59,http://www.sec.gov/cgi-bin/browse-edgar?action=getcompany&CIK=DOV,25.9,8.0,5.4,12.5,Low Controversy Level,1.0,53rd percentile
DTE,DTE Energy Co.,Utilities,98.49,19.12,3.5559585,4.82,116.74,96.56,17808073691,2790000000,1.9091922,1.95,http://www.sec.gov/cgi-bin/browse-edgar?action=getcompany&CIK=DTE,29.8,15.0,4.7,10.0,Moderate Controversy Level,2.0,68th percentile
DUK,Duke Energy,Utilities,74.32,16.7,4.7849464,3.12,91.8,72.93,52078185682,9895000000,2.9348857,1.27,http://www.sec.gov/cgi-bin/browse-edgar?action=getcompany&CIK=DUK,27.0,11.5,4.8,10.7,Moderate Controversy Level,2.0,57th percentile
EMN,Eastman Chemical,Materials,93.57,12.28,2.2630835,10.12,104.08,76.02,14226830813,2152000000,1.4904785,2.78,http://www.sec.gov/cgi-bin/browse-edgar?action=getcompany&CIK=EMN,25.3,12.8,6.6,5.8,Moderate Controversy Level,2.0,50th percentile
ETN,Eaton Corporation,Industrials,79.41,17.08,2.9404557,6.68,89.85,69.45,35961772000,4253000000,1.8161736,2.17,http://www.sec.gov/cgi-bin/browse-edgar?action=getcompany&CIK=ETN,17.9,5.5,5.7,6.8,Low Controversy Level,1.0,20th percentile
EBAY,eBay Inc.,Information Technology,41.02,24.86,0.0,-1.07,46.99,31.89,44216696399,2941000000,4.6720185,3.8,http://www.sec.gov/cgi-bin/browse-edgar?action=getcompany&CIK=EBAY,17.6,2.7,7.2,7.7,Moderate Controversy Level,2.0,19th percentile
ECL,Ecolab Inc.,Materials,127.76,28.08,1.2319711,4.14,140.5,119.61,38460272282,2848600000,3.7360687,5.28,http://www.sec.gov/cgi-bin/browse-edgar?action=getcompany&CIK=ECL,19.9,8.5,5.3,6.1,Moderate Controversy Level,2.0,27th percentile
EIX,Edison Int'l,Utilities,58.07,13.23,4.0542803,3.96,83.38,58.76,19447670886,4284000000,2.161095,1.59,http://www.sec.gov/cgi-bin/browse-edgar?action=getcompany&CIK=EIX,27.5,11.0,5.1,11.4,Significant Controversy Level,3.0,59th percentile
EW,Edwards Lifesciences,Health Care,123.78,32.57,0.0,2.88,138.48,89.2,27447099863,1156700000,7.8283277,8.48,http://www.sec.gov/cgi-bin/browse-edgar?action=getcompany&CIK=EW,18.6,2.9,7.6,8.1,Low Controversy Level,1.0,23rd percentile
EA,Electronic Arts,Information Technology,116.54,34.48,0.0,3.07,131.01,81.27,37890226992,1560000000,7.4415817,8.54,http://www.sec.gov/cgi-bin/browse-edgar?action=getcompany&CIK=EA,13.3,0.1,4.7,8.4,Moderate Controversy Level,2.0,7th percentile
EMR,Emerson Electric Company,Industrials,66.4,25.74,2.813225,2.35,74.45,56.77,44040298425,2542000000,3.6707752,5.01,http://www.sec.gov/cgi-bin/browse-edgar?action=getcompany&CIK=EMR,28.4,8.8,6.6,13.1,Low Controversy Level,1.0,62nd percentile
ETR,Entergy Corp.,Utilities,72.02,10.65,4.892126,-3.26,87.95,69.63,13116894887,880700000,1.5543115,1.54,http://www.sec.gov/cgi-bin/browse-edgar?action=getcompany&CIK=ETR,26.7,14.0,5.3,7.3,Moderate Controversy Level,2.0,56th percentile
EOG,EOG Resources,Energy,101.04,246.44,0.63339007,-1.98,119.0,81.99,61164030149,3692749000,8.02302,4.55,http://www.sec.gov/cgi-bin/browse-edgar?action=getcompany&CIK=EOG,34.2,20.2,7.3,6.7,Low Controversy Level,1.0,81st percentile
EQT,EQT Corporation,Energy,46.25,53.16,0.2518363,-2.69,67.84,47.13,12638828950,1518305000,6.4987307,2.15,http://www.sec.gov/cgi-bin/browse-edgar?action=getcompany&CIK=EQT,35.7,17.7,7.9,10.1,Low Controversy Level,1.0,85th percentile
EFX,Equifax Inc.,Industrials,114.0,19.03,1.3265306,4.04,147.02,90.72,14121334618,1141200000,5.6338058,4.59,http://www.sec.gov/cgi-bin/browse-edgar?action=getcompany&CIK=EFX,23.2,0.1,6.8,16.3,Significant Controversy Level,3.0,41st percentile
EQIX,Equinix,Real Estate,409.98,23.06,1.8775817,1.77,495.345,361.9,33333813618,1687152000,10.639136,5.14,http://www.sec.gov/cgi-bin/browse-edgar?action=getcompany&CIK=EQIX,13.9,3.4,5.1,5.3,Low Controversy Level,1.0,9th percentile
EQR,Equity Residential,Real Estate,55.26,17.6,3.5437918,1.63,70.455,56.07,20925508143,1710686000,8.593619,2.09,http://www.sec.gov/cgi-bin/browse-edgar?action=getcompany&CIK=EQR,11.9,3.0,6.1,2.9,Low Controversy Level,1.0,5th percentile
ESS,"Essex Property Trust, Inc.",Real Estate,218.28,18.66,3.2138102,6.27,270.04,214.03,14383525286,1237886000,14.1830845,2.3,http://www.sec.gov/cgi-bin/browse-edgar?action=getcompany&CIK=ESS,12.4,3.5,6.1,2.8,Low Controversy Level,1.0,6th percentile
EL,Estee Lauder Cos.,Consumer Staples,131.46,37.78,1.1283498,3.35,138.74,81.69,49543264457,2478000000,3.9522583,10.82,http://www.sec.gov/cgi-bin/browse-edgar?action=getcompany&CIK=EL,25.5,6.9,7.5,11.1,Moderate Controversy Level,2.0,51st percentile
ES,Eversource Energy,Utilities,56.11,18.22,3.3397784,2.96,66.15,55.2,18027633617,2738713000,3.1134193,1.68,http://www.sec.gov/cgi-bin/browse-edgar?action=getcompany&CIK=ES,18.6,4.7,5.4,8.6,Moderate Controversy Level,2.0,23rd percentile
EXC,Exelon Corp.,Utilities,35.98,14.51,3.8174274,1.23,42.67,33.3,34734816899,8548000000,1.3933871,1.26,http://www.sec.gov/cgi-bin/browse-edgar?action=getcompany&CIK=EXC,22.9,7.4,6.4,9.1,Significant Controversy Level,3.0,39th percentile
EXPE,Expedia Inc.,Consumer Discretionary,123.03,30.99,0.92785895,1.81,161.0,115.55,19722178609,1481458000,2.5074897,4.14,http://www.sec.gov/cgi-bin/browse-edgar?action=getcompany&CIK=EXPE,27.6,4.3,10.1,13.3,Moderate Controversy Level,2.0,60th percentile
EXPD,Expeditors International,Industrials,60.36,25.26,1.3520038,2.36,67.54,51.96,11040678071,721643000,2.190319,5.55,http://www.sec.gov/cgi-bin/browse-edgar?action=getcompany&CIK=EXPD,16.6,4.2,4.8,7.6,Moderate Controversy Level,2.0,16th percentile
EXR,Extra Space Storage,Real Estate,77.56,18.12,3.879632,2.92,88.56,71.34,10133547517,717468000,12.204818,4.54,http://www.sec.gov/cgi-bin/browse-edgar?action=getcompany&CIK=EXR,15.2,4.2,7.3,3.7,Low Controversy Level,1.0,12th percentile
XOM,Exxon Mobil Corp.,Energy,76.07,21.37,4.0031195,1.88,89.3,76.05,326148660000,39052000000,1.7701944,1.85,http://www.sec.gov/cgi-bin/browse-edgar?action=getcompany&CIK=XOM,41.6,23.1,8.5,10.0,Significant Controversy Level,3.0,93rd percentile
FFIV,F5 Networks,Information Technology,137.25,21.21,0.0,6.51,149.5,114.63,8744185796,629940000,4.1203604,6.86,http://www.sec.gov/cgi-bin/browse-edgar?action=getcompany&CIK=FFIV,17.1,4.1,5.4,7.6,Low Controversy Level,1.0,18th percentile
FAST,Fastenal Co,Industrials,52.15,27.02,2.7798648,2.01,57.815,39.79,15311373377,1009600000,3.472977,7.39,http://www.sec.gov/cgi-bin/browse-edgar?action=getcompany&CIK=FAST,24.7,9.3,7.1,8.3,Moderate Controversy Level,2.0,48th percentile
FRT,Federal Realty Investment Trust,Real Estate,108.11,18.35,3.5925992,3.5,143.79,109.74,8077368506,540767000,12.898601,3.98,http://www.sec.gov/cgi-bin/browse-edgar?action=getcompany&CIK=FRT,12.4,2.3,5.8,4.3,Low Controversy Level,1.0,4th percentile
FDX,FedEx Corporation,Industrials,239.27,19.45,0.7963368,11.07,274.66,182.89,67280478816,8062000000,1.0751684,3.9,http://www.sec.gov/cgi-bin/browse-edgar?action=getcompany&CIK=FDX,19.7,5.7,5.6,8.4,Moderate Controversy Level,2.0,27th percentile
FIS,Fidelity National Information Services,Information Technology,92.74,22.08,1.322724,1.72,103.65,77.63,32308459680,2782000000,4.7038417,3.25,http://www.sec.gov/cgi-bin/browse-edgar?action=getcompany&CIK=FIS,17.5,4.1,5.2,8.2,Low Controversy Level,1.0,19th percentile
FITB,Fifth Third Bancorp,Financials,31.1,16.9,1.9789734,2.85,33.91,23.2,22437653700,0,2.8802848,1.46,http://www.sec.gov/cgi-bin/browse-edgar?action=getcompany&CIK=FITB,16.8,1.2,7.5,8.1,Moderate Controversy Level,2.0,17th percentile
FE,FirstEnergy Corp,Utilities,30.64,11.18,4.673807,-14.49,35.22,27.93,13706075072,-5067000000,1.2994481,2.19,http://www.sec.gov/cgi-bin/browse-edgar?action=getcompany&CIK=FE,25.6,10.8,5.8,9.0,Significant Controversy Level,3.0,51st percentile
FMC,FMC Corporation,Materials,80.87,32.48,0.785995,1.56,98.7,56.53,11273961835,557800000,6.0089035,5.26,http://www.sec.gov/cgi-bin/browse-edgar?action=getcompany&CIK=FMC,30.7,14.4,7.5,8.9,Low Controversy Level,1.0,72nd percentile
F,Ford Motor,Consumer Discretionary,10.43,5.89,6.7843866,1.9,13.48,10.19,42414328338,9281000000,0.27054095,1.26,http://www.sec.gov/cgi-bin/browse-edgar?action=getcompany&CIK=F,22.4,7.4,8.5,6.4,Significant Controversy Level,3.0,37th percentile
FTV,Fortive Corp,Industrials,69.14,25.05,0.39057052,2.46,76.68,54.8844,24916503061,1508300000,5.1682673,7.17,http://www.sec.gov/cgi-bin/browse-edgar?action=getcompany&CIK=FTV,34.8,16.1,4.7,14.0,Low Controversy Level,1.0,83rd percentile
BEN,Franklin Resources,Financials,38.0,12.67,2.332657,3.0,47.65,37.01,21759187973,2711300000,3.399101,1.83,http://www.sec.gov/cgi-bin/browse-edgar?action=getcompany&CIK=BEN,18.3,1.1,7.3,9.9,Moderate Controversy Level,2.0,22nd percentile
FCX,Freeport-McMoRan Inc.,Materials,17.16,14.67,1.1198208,1.24,20.25,11.05,25853969330,5347000000,1.6538345,3.66,http://www.sec.gov/cgi-bin/browse-edgar?action=getcompany&CIK=FCX,31.6,15.3,6.4,10.0,High Controversy Level,4.0,74th percentile
GRMN,Garmin Ltd.,Consumer Discretionary,61.13,21.23,3.2339885,2.69,64.96,48.5,11840331607,736798000,5.319881,3.14,http://www.sec.gov/cgi-bin/browse-edgar?action=getcompany&CIK=GRMN,20.7,4.8,4.3,11.6,Low Controversy Level,1.0,30th percentile
IT,Gartner Inc,Information Technology,114.26,36.86,0.0,2.31,142.16,97.96,10828314389,234935000,4.894499,13.47,http://www.sec.gov/cgi-bin/browse-edgar?action=getcompany&CIK=IT,18.9,0.1,5.6,13.2,Low Controversy Level,1.0,24th percentile
GD,General Dynamics,Industrials,206.05,20.71,1.5631542,9.55,229.54,181.94,64180390701,4618000000,2.0481362,5.45,http://www.sec.gov/cgi-bin/browse-edgar?action=getcompany&CIK=GD,35.2,9.4,6.9,18.9,Significant Controversy Level,3.0,84th percentile
GE,General Electric,Industrials,14.45,13.76,3.147541,-0.72,30.59,14.71,132249296250,-206000000,1.0887611,1.7,http://www.sec.gov/cgi-bin/browse-edgar?action=getcompany&CIK=GE,40.5,14.2,10.9,15.4,Significant Controversy Level,3.0,92nd percentile
GIS,General Mills,Consumer Staples,53.99,17.53,3.5864594,2.77,63.73,49.65,31098243069,3107600000,2.0389178,7.26,http://www.sec.gov/cgi-bin/browse-edgar?action=getcompany&CIK=GIS,21.1,8.3,4.1,8.7,Moderate Controversy Level,2.0,32nd percentile
GM,General Motors,Consumer Discretionary,40.75,6.58,3.5857513,6.0,46.76,31.92,61536606173,23541000000,0.5633218,1.33,http://www.sec.gov/cgi-bin/browse-edgar?action=getcompany&CIK=GM,28.5,9.8,7.2,11.5,High Controversy Level,4.0,63rd percentile
GPC,Genuine Parts,Consumer Discretionary,96.31,21.17,2.7198548,4.6,107.75,79.86,14554321748,1201517000,1.212236,4.33,http://www.sec.gov/cgi-bin/browse-edgar?action=getcompany&CIK=GPC,13.7,4.7,3.8,5.2,Moderate Controversy Level,2.0,8th percentile
GILD,Gilead Sciences,Health Care,78.22,8.16,2.754954,9.95,89.54,63.759,108106822109,17590000000,5.2087464,4.12,http://www.sec.gov/cgi-bin/browse-edgar?action=getcompany&CIK=GILD,23.0,1.0,7.6,14.3,Moderate Controversy Level,2.0,40th percentile
GPN,Global Payments Inc.,Information Technology,100.59,27.86,0.037622273,1.58,113.26,76.47,16920023264,960345000,5.775833,4.73,http://www.sec.gov/cgi-bin/browse-edgar?action=getcompany&CIK=GPN,20.9,3.7,6.5,10.7,Low Controversy Level,1.0,31st percentile
GS,Goldman Sachs Group,Financials,246.35,12.44,1.1668612,8.61,273.79,209.62,96978500251,0,2.309415,1.25,http://www.sec.gov/cgi-bin/browse-edgar?action=getcompany&CIK=GS,25.5,0.9,11.8,12.8,Moderate Controversy Level,2.0,51st percentile
GWW,Grainger (W.W.) Inc.,Industrials,258.6,22.57,1.9700643,10.02,298.145,155.0,14639308205,1279846000,1.3995146,8.1,http://www.sec.gov/cgi-bin/browse-edgar?action=getcompany&CIK=GWW,16.0,4.5,5.9,5.6,Moderate Controversy Level,2.0,14th percentile
HAL,Halliburton Co.,Energy,47.41,38.86,1.4489837,-0.53,57.86,38.181,43356557470,2910000000,2.1424224,4.74,http://www.sec.gov/cgi-bin/browse-edgar?action=getcompany&CIK=HAL,25.6,9.8,6.9,8.9,Moderate Controversy Level,2.0,52nd percentile
HIG,Hartford Financial Svc.Gp.,Financials,53.34,14.34,1.7901897,2.27,59.2,46.35,19926305632,0,1.3939538,1.15,http://www.sec.gov/cgi-bin/browse-edgar?action=getcompany&CIK=HIG,16.6,1.8,7.6,7.2,Low Controversy Level,1.0,16th percentile
HAS,Hasbro Inc.,Consumer Discretionary,96.48,20.57,2.2304833,4.34,116.2,87.92,12732072001,1028425000,3.2375681,5.82,http://www.sec.gov/cgi-bin/browse-edgar?action=getcompany&CIK=HAS,7.1,0.0,4.2,2.9,Moderate Controversy Level,2.0,1st percentile
HCA,HCA Holdings,Health Care,95.97,14.07,1.4227642,5.94,106.84,71.18,34449052800,8202000000,0.7251921,13.734128686327065,http://www.sec.gov/cgi-bin/browse-edgar?action=getcompany&CIK=HCA,28.8,3.9,7.2,17.7,Significant Controversy Level,3.0,64th percentile
HSIC,Henry Schein,Health Care,70.85,19.85,0.0,3.1,93.495,65.28,11452961984,1033985000,1.262194,3.74,http://www.sec.gov/cgi-bin/browse-edgar?action=getcompany&CIK=HSIC,13.9,2.0,6.3,5.7,Moderate Controversy Level,2.0,9th percentile
HES,Hess Corporation,Energy,43.0,-9.33,2.2670596,-19.94,55.48,37.25,14016129999,-819000000,3.780475,1.08,http://www.sec.gov/cgi-bin/browse-edgar?action=getcompany&CIK=HES,33.1,18.9,7.0,7.2,Moderate Controversy Level,2.0,79th percentile
HPE,Hewlett Packard Enterprise,Information Technology,15.04,11.57,1.9280206,0.21,24.88,12.815,24800859640,3683000000,1.4609766,1.06,http://www.sec.gov/cgi-bin/browse-edgar?action=getcompany&CIK=HPE,10.7,0.9,5.6,4.1,Moderate Controversy Level,2.0,3rd percentile
HLT,Hilton Worldwide Holdings Inc,Consumer Discretionary,78.66,36.42,0.7315289,1.05,88.11,55.79,26242415796,2815000000,3.7628453,17.67,http://www.sec.gov/cgi-bin/browse-edgar?action=getcompany&CIK=HLT,17.6,6.1,4.4,7.0,Moderate Controversy Level,2.0,19th percentile
HOLX,Hologic,Health Care,38.8,19.21,0.0,2.64,46.8,35.76,11181493750,1561000000,4.80335,4.0,http://www.sec.gov/cgi-bin/browse-edgar?action=getcompany&CIK=HOLX,25.0,4.6,8.4,12.1,Low Controversy Level,1.0,49th percentile
HD,Home Depot,Consumer Discretionary,181.22,28.1,1.8610487,6.46,207.605,136.82,223378633329,16513000000,2.8964398,84.08,http://www.sec.gov/cgi-bin/browse-edgar?action=getcompany&CIK=HD,12.6,3.3,3.8,5.6,Moderate Controversy Level,2.0,6th percentile
HON,Honeywell Int'l Inc.,Industrials,146.02,20.68,1.9710299,2.08,165.13,119.31,114422168609,8333000000,2.8267899,5.71,http://www.sec.gov/cgi-bin/browse-edgar?action=getcompany&CIK=HON,28.6,11.0,7.0,10.6,Significant Controversy Level,3.0,64th percentile
HRL,Hormel Foods Corp.,Consumer Staples,32.21,20.39,2.2907758,1.57,38.0,29.75,17338613096,1422305000,2.5174792,3.49,http://www.sec.gov/cgi-bin/browse-edgar?action=getcompany&CIK=HRL,30.0,13.3,6.0,10.7,Significant Controversy Level,3.0,69th percentile
HST,Host Hotels & Resorts,Real Estate,18.75,11.23,4.1131105,1.02,21.53,17.26,14394715334,1547000000,3.5549128,2.02,http://www.sec.gov/cgi-bin/browse-edgar?action=getcompany&CIK=HST,13.4,3.3,5.5,4.6,Low Controversy Level,1.0,7th percentile
HPQ,HP Inc.,Information Technology,19.92,12.07,2.6270628,1.49,24.1,15.39,34895294088,3700000000,0.8954903,0.66,http://www.sec.gov/cgi-bin/browse-edgar?action=getcompany&CIK=HPQ,11.3,0.1,6.1,5.1,Moderate Controversy Level,2.0,4th percentile
HUM,Humana Inc.,Health Care,262.37,22.39,0.6040015,4.06,293.35,189.01,36973617235,0,0.9256895,3.33,http://www.sec.gov/cgi-bin/browse-edgar?action=getcompany&CIK=HUM,22.5,0.0,5.7,16.7,Moderate Controversy Level,2.0,38th percentile
HBAN,Huntington Bancshares,Financials,15.1,15.41,2.8132992,1.0,16.53,12.14,16766497291,0,3.5112102,1.72,http://www.sec.gov/cgi-bin/browse-edgar?action=getcompany&CIK=HBAN,21.8,2.0,8.7,11.2,Moderate Controversy Level,2.0,35th percentile
HII,Huntington Ingalls Industries,Industrials,225.37,18.75,1.2264713,12.15,253.44,183.42,10628247899,1107000000,1.8924941,6.04,http://www.sec.gov/cgi-bin/browse-edgar?action=getcompany&CIK=HII,21.703260869565216,5.863586956521731,6.7103260869565196,9.129076086956516,,2.0458452722063036,
IDXX,IDEXX Laboratories,Health Care,169.28,53.57,0.0,2.94,198.73,140.63,15422885020,478307000,7.97525,196.21,http://www.sec.gov/cgi-bin/browse-edgar?action=getcompany&CIK=IDXX,18.7,2.6,8.9,7.1,Low Controversy Level,1.0,23rd percentile
ITW,Illinois Tool Works,Industrials,156.15,23.62,1.9089574,4.86,179.07,126.52,55994378108,3924000000,3.9286149,10.99,http://www.sec.gov/cgi-bin/browse-edgar?action=getcompany&CIK=ITW,25.3,7.0,6.5,11.8,Moderate Controversy Level,2.0,50th percentile
ILMN,Illumina Inc,Health Care,209.54,52.25,0.0,4.92,248.97,158.0203,32295200000,1192000000,11.713953,10.89,http://www.sec.gov/cgi-bin/browse-edgar?action=getcompany&CIK=ILMN,18.6,0.1,6.9,11.6,Significant Controversy Level,3.0,23rd percentile
INCY,Incyte,Health Care,83.92,-119.89,0.0,0.54,153.15,84.21,18220961259,-81686000,17.02699,10.25,http://www.sec.gov/cgi-bin/browse-edgar?action=getcompany&CIK=INCY,24.8,1.1,7.4,16.3,Low Controversy Level,1.0,48th percentile
IR,Ingersoll-Rand PLC,Industrials,87.6,19.38,1.9739007,5.07,97.67,77.26,22785450609,1987100000,1.6147361,3.34,http://www.sec.gov/cgi-bin/browse-edgar?action=getcompany&CIK=IR,21.703260869565216,5.863586956521731,6.7103260869565196,9.129076086956516,,2.0458452722063036,
INTC,Intel Corp.,Information Technology,42.75,12.32,2.6548672,1.98,50.85,33.23,211536000000,26247000000,3.348876,3.34,http://www.sec.gov/cgi-bin/browse-edgar?action=getcompany&CIK=INTC,18.9,4.9,6.6,7.3,Significant Controversy Level,3.0,24th percentile
ICE,Intercontinental Exchange,Financials,67.0,22.95,5.4298644,2.37,76.1378,56.8,41373051167,3103000000,9.619987,2.62,http://www.sec.gov/cgi-bin/browse-edgar?action=getcompany&CIK=ICE,19.8,1.7,8.8,9.3,Low Controversy Level,1.0,27th percentile
IBM,International Business Machines,Information Technology,147.59,10.67,3.8999026,6.11,182.79,139.13,142433003505,16557000000,1.817167,7.7,http://www.sec.gov/cgi-bin/browse-edgar?action=getcompany&CIK=IBM,14.1,1.8,6.1,6.2,Moderate Controversy Level,2.0,9th percentile
IP,International Paper,Materials,56.05,15.57,3.206751,5.14,66.94,49.6,24465996443,3004000000,1.0738261,4.99,http://www.sec.gov/cgi-bin/browse-edgar?action=getcompany&CIK=IP,24.5,15.1,4.8,4.5,Significant Controversy Level,3.0,47th percentile
IPG,Interpublic Group,Consumer Discretionary,21.34,15.46,3.3802817,1.49,25.71,18.3,8277363031,1074900000,1.4712903,4.01,http://www.sec.gov/cgi-bin/browse-edgar?action=getcompany&CIK=IPG,10.3,0.0,5.3,5.0,Low Controversy Level,1.0,3rd percentile
IFF,Intl Flavors & Fragrances,Materials,138.0,24.17,1.9341276,5.05,157.4,116.3,11270040447,699963000,4.4208813,6.34,http://www.sec.gov/cgi-bin/browse-edgar?action=getcompany&CIK=IFF,22.7,10.5,6.6,5.6,Significant Controversy Level,3.0,39th percentile
INTU,Intuit Inc.,Information Technology,152.75,40.52,0.96720195,3.72,170.59,111.9,41233771565,1654000000,9.633731,33.5,http://www.sec.gov/cgi-bin/browse-edgar?action=getcompany&CIK=INTU,16.4,1.0,4.7,10.7,Moderate Controversy Level,2.0,15th percentile
ISRG,Intuitive Surgical Inc.,Health Care,381.87,48.58,0.0,5.67,452.0,233.10643,44866621303,1153700000,14.655261,9.48,http://www.sec.gov/cgi-bin/browse-edgar?action=getcompany&CIK=ISRG,21.1,3.7,7.8,9.6,Low Controversy Level,1.0,32nd percentile
IVZ,Invesco Ltd.,Financials,31.92,11.87,3.466826,2.74,38.43,29.36,13620847614,1606200000,2.6513786,1.62,http://www.sec.gov/cgi-bin/browse-edgar?action=getcompany&CIK=IVZ,22.8,0.7,11.0,11.0,Moderate Controversy Level,2.0,39th percentile
IQV,IQVIA Holdings Inc.,Health Care,95.23,21.74,0.0,0.76,110.67,75.94,20426488713,1542000000,2.8477087,2.77,http://www.sec.gov/cgi-bin/browse-edgar?action=getcompany&CIK=IQV,19.1,1.3,7.2,10.6,Moderate Controversy Level,2.0,25th percentile
IRM,Iron Mountain Incorporated,Real Estate,32.07,15.42,7.08258,0.46,41.53,32.05,9410249279,1116140000,3.2898626,4.97,http://www.sec.gov/cgi-bin/browse-edgar?action=getcompany&CIK=IRM,14.5,5.0,5.8,3.7,Moderate Controversy Level,2.0,10th percentile
JBHT,J. B. Hunt Transport Services,Industrials,114.81,30.62,0.8139042,6.19,126.49,83.35,12945366350,1007309000,1.7697402,8.55,http://www.sec.gov/cgi-bin/browse-edgar?action=getcompany&CIK=JBHT,14.8,3.3,5.0,6.6,Low Controversy Level,1.0,11th percentile
SJM,JM Smucker,Consumer Staples,118.37,15.35,2.6036885,5.1,143.68,99.565,13612394896,1411300000,2.496677,1.88,http://www.sec.gov/cgi-bin/browse-edgar?action=getcompany&CIK=SJM,30.5,12.9,5.6,12.0,Moderate Controversy Level,2.0,71st percentile
JNJ,Johnson & Johnson,Health Care,126.36,17.31,2.5566885,0.39,148.32,113.15,353062464971,22430000000,4.6326222,4.74,http://www.sec.gov/cgi-bin/browse-edgar?action=getcompany&CIK=JNJ,24.0,0.9,8.0,15.0,High Controversy Level,4.0,45th percentile
JCI,Johnson Controls International,Industrials,36.55,14.0,2.7659574,1.71,44.37,34.51,34822224800,4295000000,1.1415336,1.69,http://www.sec.gov/cgi-bin/browse-edgar?action=getcompany&CIK=JCI,14.4,4.5,5.4,4.6,Significant Controversy Level,3.0,10th percentile
JPM,JPMorgan Chase & Co.,Financials,107.88,15.43,1.9845841,6.3,117.3529,81.635,386613611000,0,3.3714993,1.6,http://www.sec.gov/cgi-bin/browse-edgar?action=getcompany&CIK=JPM,29.3,1.1,11.7,16.5,Significant Controversy Level,3.0,66th percentile
JNPR,Juniper Networks,Information Technology,24.66,14.09,1.5754234,0.78,30.96,23.87,9267350000,1115500000,1.8543326,1.78,http://www.sec.gov/cgi-bin/browse-edgar?action=getcompany&CIK=JNPR,14.8,1.8,5.8,7.2,Low Controversy Level,1.0,11th percentile
K,Kellogg Co.,Consumer Staples,65.98,16.5,3.363962,1.95,76.69,58.76,22182794875,1827000000,2.3173764,11.5,http://www.sec.gov/cgi-bin/browse-edgar?action=getcompany&CIK=K,28.4,10.6,4.4,13.4,Moderate Controversy Level,2.0,63rd percentile
KEY,KeyCorp,Financials,20.08,14.66,1.9876952,1.12,22.22,16.28,22589744920,0,3.270451,1.55,http://www.sec.gov/cgi-bin/browse-edgar?action=getcompany&CIK=KEY,21.4,1.6,10.7,9.2,Low Controversy Level,1.0,34th percentile
KMB,Kimberly-Clark,Consumer Staples,111.69,17.93,3.5599859,6.41,136.21,109.67,39449596000,4033000000,2.1947837,151.66,http://www.sec.gov/cgi-bin/browse-edgar?action=getcompany&CIK=KMB,28.5,10.4,7.6,10.4,Moderate Controversy Level,2.0,63rd percentile
KIM,Kimco Realty,Real Estate,14.01,9.28,7.7134986,0.8,25.15,14.33,6180487499,701190000,7.0508943,1.2,http://www.sec.gov/cgi-bin/browse-edgar?action=getcompany&CIK=KIM,10.9,2.3,6.0,2.6,None Controversy Level,2.0458452722063036,4th percentile
KMI,Kinder Morgan,Energy,16.8,25.07,2.891845,0.01,22.75,16.56,38612712234,5981000000,2.823936,1.07,http://www.sec.gov/cgi-bin/browse-edgar?action=getcompany&CIK=KMI,19.0,8.3,3.5,7.2,Moderate Controversy Level,2.0,24th percentile
KLAC,KLA-Tencor Corp.,Information Technology,98.54,16.59,2.2988505,5.88,121.65,86.33,16078622033,1506642000,4.3395863,12.93,http://www.sec.gov/cgi-bin/browse-edgar?action=getcompany&CIK=KLAC,17.2,7.4,4.6,5.1,None Controversy Level,2.0458452722063036,18th percentile
KHC,Kraft Heinz Co,Consumer Staples,71.58,20.11,3.3990483,2.81,97.77,72.05,89618309338,7832000000,4.6780853,1.54,http://www.sec.gov/cgi-bin/browse-edgar?action=getcompany&CIK=KHC,33.7,13.5,6.2,14.1,Significant Controversy Level,3.0,80th percentile
KR,Kroger Co.,Consumer Staples,27.57,13.07,1.7301039,2.05,34.75,19.69,25471355847,5342000000,0.27961263,4.02,http://www.sec.gov/cgi-bin/browse-edgar?action=getcompany&CIK=KR,21.3,6.6,5.6,9.1,Significant Controversy Level,3.0,33rd percentile
LH,Laboratory Corp. of America Holding,Health Care,165.46,17.79,0.0,7.02,181.715,130.292,17271388000,1861200000,2.2459624,2.71,http://www.sec.gov/cgi-bin/browse-edgar?action=getcompany&CIK=LH,19.7,0.4,6.6,12.7,Moderate Controversy Level,2.0,27th percentile
LRCX,Lam Research,Information Technology,162.23,16.29,1.1652974,9.22,219.7,113.1982,27967534829,2967218000,3.0405293,4.52,http://www.sec.gov/cgi-bin/browse-edgar?action=getcompany&CIK=LRCX,13.6,4.5,5.1,4.0,Low Controversy Level,1.0,8th percentile
LEN,Lennar Corp.,Consumer Discretionary,59.11,15.35,0.26268265,3.38,72.17,43.647053,14615967194,1405319000,1.1468264,1.76,http://www.sec.gov/cgi-bin/browse-edgar?action=getcompany&CIK=LEN,25.4,11.3,5.6,8.6,Moderate Controversy Level,2.0,51st percentile
LLY,Lilly (Eli) & Co.,Health Care,74.21,17.34,2.9327424,-0.2,89.09,75.71,84475986228,3459800000,3.754678,5.73,http://www.sec.gov/cgi-bin/browse-edgar?action=getcompany&CIK=LLY,24.3,2.5,9.1,12.6,Moderate Controversy Level,2.0,46th percentile
LKQ,LKQ Corporation,Consumer Discretionary,38.86,21.35,0.0,1.5,43.8599,27.85,12469931896,1065614000,1.723609,3.02,http://www.sec.gov/cgi-bin/browse-edgar?action=getcompany&CIK=LKQ,11.1,3.8,3.3,4.0,Moderate Controversy Level,2.0,4th percentile
LMT,Lockheed Martin Corp.,Industrials,334.3,24.28,2.315954,6.83,361.79,256.4,98102120000,7115000000,1.8781451,45.55,http://www.sec.gov/cgi-bin/browse-edgar?action=getcompany&CIK=LMT,30.2,8.0,7.1,15.1,Significant Controversy Level,3.0,70th percentile
L,Loews Corp.,Financials,46.05,15.99,4.5131636,1.93,53.59,45.01,16111166935,0,1.5809761,0.85,http://www.sec.gov/cgi-bin/browse-edgar?action=getcompany&CIK=L,16.4,0.6,11.5,4.3,Moderate Controversy Level,2.0,15th percentile
LOW,Lowe's Cos.,Consumer Discretionary,95.01,23.87,1.6413131,3.46,108.98,70.76,82909678852,7858000000,1.5653384,14.1,http://www.sec.gov/cgi-bin/browse-edgar?action=getcompany&CIK=LOW,11.8,3.3,3.2,5.3,Moderate Controversy Level,2.0,5th percentile
LYB,LyondellBasell,Materials,105.79,10.35,3.264714,12.25,121.95,78.01,43556650000,6851000000,1.3037612,5.86,http://www.sec.gov/cgi-bin/browse-edgar?action=getcompany&CIK=LYB,20.7,13.5,5.1,2.1,Moderate Controversy Level,2.0,31st percentile
MTB,M&T Bank Corp.,Financials,178.35,18.91,1.6218846,8.69,193.85,141.12,27840827434,0,4.6277885,1.79,http://www.sec.gov/cgi-bin/browse-edgar?action=getcompany&CIK=MTB,26.5,2.6,13.6,10.3,Low Controversy Level,1.0,55th percentile
MRO,Marathon Oil Corp.,Energy,15.68,-32.0,1.2247398,-2.65,19.52,10.55,13875005314,2266000000,4.6578755,13.734128686327065,http://www.sec.gov/cgi-bin/browse-edgar?action=getcompany&CIK=MRO,37.7,21.1,7.6,9.1,Moderate Controversy Level,2.0,89th percentile
MPC,Marathon Petroleum,Energy,62.79,16.06,2.8268552,6.85,73.53,47.39,31633740000,5978000000,0.42713487,2.43,http://www.sec.gov/cgi-bin/browse-edgar?action=getcompany&CIK=MPC,30.5,17.1,5.3,8.1,Significant Controversy Level,3.0,71st percentile
MAR,Marriott Int'l.,Consumer Discretionary,133.88,32.73,0.9452879,2.67,149.21,85.3725,50910130358,2620000000,2.9997249,11.02,http://www.sec.gov/cgi-bin/browse-edgar?action=getcompany&CIK=MAR,21.4,8.6,3.7,9.2,Significant Controversy Level,3.0,34th percentile
MMC,Marsh & McLennan,Financials,79.31,20.23,1.8257059,2.87,86.54,69.33,41819440000,3236000000,2.9848945,5.85,http://www.sec.gov/cgi-bin/browse-edgar?action=getcompany&CIK=MMC,21.1,0.1,9.7,11.3,Moderate Controversy Level,2.0,32nd percentile
MLM,Martin Marietta Materials,Materials,208.42,30.38,0.8042038,6.63,244.32,191.09,13756812736,975223000,4.416998,3.03,http://www.sec.gov/cgi-bin/browse-edgar?action=getcompany&CIK=MLM,30.1,16.7,8.7,4.8,Moderate Controversy Level,2.0,69th percentile
MAS,Masco Corp.,Industrials,40.7,22.12,0.98383695,1.47,46.445,31.29,13428792315,1179000000,2.308266,11.93,http://www.sec.gov/cgi-bin/browse-edgar?action=getcompany&CIK=MAS,22.2,9.7,6.8,5.6,Low Controversy Level,1.0,37th percentile
MA,Mastercard Inc.,Information Technology,160.62,34.99,0.5926628,3.65,177.11,105.8,187102014193,7113000000,15.020556,26.93,http://www.sec.gov/cgi-bin/browse-edgar?action=getcompany&CIK=MA,17.1,2.2,8.3,6.7,High Controversy Level,4.0,17th percentile
MKC,McCormick & Co.,Consumer Staples,101.36,23.91,2.0261056,3.73,109.67,90.25,13459353253,815700000,2.7788277,5.2,http://www.sec.gov/cgi-bin/browse-edgar?action=getcompany&CIK=MKC,26.1,9.6,5.3,11.1,Moderate Controversy Level,2.0,53rd percentile
MCD,McDonald's Corp.,Consumer Discretionary,158.97,23.83,2.437994,6.36,178.7,124.36,132101623787,10515400000,5.770237,146.07,http://www.sec.gov/cgi-bin/browse-edgar?action=getcompany&CIK=MCD,26.0,7.6,5.8,12.6,Significant Controversy Level,3.0,53rd percentile
MCK,McKesson Corp.,Health Care,150.23,11.68,0.8898776,22.74,178.86,133.82,31534840262,7232000000,0.15318617,2.68,http://www.sec.gov/cgi-bin/browse-edgar?action=getcompany&CIK=MCK,15.2,1.6,6.3,7.3,Significant Controversy Level,3.0,12th percentile
MDT,Medtronic plc,Health Care,78.38,17.04,2.2618315,2.89,89.72,75.44,110107062300,9204000000,4.944542,2.14,http://www.sec.gov/cgi-bin/browse-edgar?action=getcompany&CIK=MDT,22.8,1.8,7.6,13.4,Significant Controversy Level,3.0,39th percentile
MRK,Merck & Co.,Health Care,54.73,13.75,3.435934,1.4,66.8,53.63,152241530340,8715000000,5.0893345,4.02,http://www.sec.gov/cgi-bin/browse-edgar?action=getcompany&CIK=MRK,21.4,1.9,8.9,10.6,Significant Controversy Level,3.0,34th percentile
MET,MetLife Inc.,Financials,44.28,8.52,3.4587116,0.63,56.58,44.58,48679364276,0,1.0496864,0.85,http://www.sec.gov/cgi-bin/browse-edgar?action=getcompany&CIK=MET,16.4,0.7,8.8,7.0,Moderate Controversy Level,2.0,15th percentile
MTD,Mettler Toledo,Health Care,601.0,35.56,0.0,14.24,697.26,459.34,16420774443,666706000,8.372307,31.69,http://www.sec.gov/cgi-bin/browse-edgar?action=getcompany&CIK=MTD,13.1,1.0,4.7,7.4,None Controversy Level,2.0458452722063036,7th percentile
MGM,MGM Resorts International,Consumer Discretionary,33.5,29.65,1.2687428,1.92,38.41,25.15,19633674337,2680385000,2.2276719,3.09,http://www.sec.gov/cgi-bin/browse-edgar?action=getcompany&CIK=MGM,24.8,1.3,10.5,13.0,Moderate Controversy Level,2.0,48th percentile
MCHP,Microchip Technology,Information Technology,79.9,21.77,1.7512966,0.66,99.17,69.76,19393095636,997492000,7.4475183,5.9,http://www.sec.gov/cgi-bin/browse-edgar?action=getcompany&CIK=MCHP,31.8,15.3,7.4,9.2,Low Controversy Level,1.0,75th percentile
MU,Micron Technology,Information Technology,40.0,9.01,0.0,4.36,49.89,22.64,48576791974,12541000000,2.1912806,2.02,http://www.sec.gov/cgi-bin/browse-edgar?action=getcompany&CIK=MU,18.2,7.2,5.5,5.5,Moderate Controversy Level,2.0,21st percentile
MSFT,Microsoft Corp.,Information Technology,85.01,25.76,1.8747908,2.97,96.07,63.22,689978437468,41079000000,7.1130967,9.49,http://www.sec.gov/cgi-bin/browse-edgar?action=getcompany&CIK=MSFT,15.1,1.5,6.1,7.5,Significant Controversy Level,3.0,11th percentile
MAA,Mid-America Apartments,Real Estate,85.39,14.38,4.19652,2.86,110.95,86.95,9992628990,871483000,6.6291075,1.6,http://www.sec.gov/cgi-bin/browse-edgar?action=getcompany&CIK=MAA,13.1,3.9,6.3,3.0,Low Controversy Level,1.0,7th percentile
MHK,Mohawk Industries,Consumer Discretionary,256.57,19.08,0.0,12.48,286.85,209.9,19897356456,1750393000,2.7977824,2.88,http://www.sec.gov/cgi-bin/browse-edgar?action=getcompany&CIK=MHK,14.1,5.8,4.2,4.2,Moderate Controversy Level,2.0,9th percentile
TAP,Molson Coors Brewing Company,Consumer Staples,74.51,17.66,2.1533613,9.27,102.14,75.79,12396862128,4708400000,1.2371694,1.34,http://www.sec.gov/cgi-bin/browse-edgar?action=getcompany&CIK=TAP,21.4,7.3,5.5,8.6,Moderate Controversy Level,2.0,33rd percentile
MDLZ,Mondelez International,Consumer Staples,42.68,19.85,1.9977299,1.91,47.23,39.19,65827817742,4355000000,2.5708609,2.52,http://www.sec.gov/cgi-bin/browse-edgar?action=getcompany&CIK=MDLZ,22.0,7.2,5.4,9.4,Significant Controversy Level,3.0,36th percentile
MNST,Monster Beverage,Consumer Staples,61.99,42.17,0.0,1.19,70.215,41.02,36403831015,1229478000,14.152587,9.56,http://www.sec.gov/cgi-bin/browse-edgar?action=getcompany&CIK=MNST,29.2,12.1,5.1,12.0,Moderate Controversy Level,2.0,66th percentile
MCO,Moody's Corp,Financials,152.14,26.55,1.114065,1.35,167.23,106.48,30189978000,1238000000,9.932974,73.84,http://www.sec.gov/cgi-bin/browse-edgar?action=getcompany&CIK=MCO,15.8,1.6,8.1,6.1,Moderate Controversy Level,2.0,14th percentile
MS,Morgan Stanley,Financials,51.79,14.23,1.8331805,3.09,58.05,40.06,97535400000,0,2.2258842,1.33,http://www.sec.gov/cgi-bin/browse-edgar?action=getcompany&CIK=MS,24.6,1.1,10.5,12.9,Moderate Controversy Level,2.0,47th percentile
MSI,Motorola Solutions Inc.,Information Technology,98.74,19.03,2.0266979,-1.08,107.78,77.23,16626039679,1629000000,2.6092634,6.81,http://www.sec.gov/cgi-bin/browse-edgar?action=getcompany&CIK=MSI,13.1,2.3,5.8,5.1,Low Controversy Level,1.0,7th percentile
NDAQ,"Nasdaq, Inc.",Financials,75.21,17.78,1.9671283,4.32,83.29,65.98,12844304115,1212000000,3.2591083,2.25,http://www.sec.gov/cgi-bin/browse-edgar?action=getcompany&CIK=NDAQ,13.1,0.0,7.4,5.6,Low Controversy Level,1.0,7th percentile
NTAP,NetApp,Information Technology,55.85,26.1,1.3881658,1.81,64.0599,37.43,15375210915,1075000000,3.6687026,5.46,http://www.sec.gov/cgi-bin/browse-edgar?action=getcompany&CIK=NTAP,15.4,2.2,5.5,7.7,Low Controversy Level,1.0,12th percentile
NFLX,Netflix Inc.,Information Technology,250.1,200.08,0.0,1.25,286.81,138.26,114805404842,809028000,9.861594,30.8,http://www.sec.gov/cgi-bin/browse-edgar?action=getcompany&CIK=NFLX,16.4,0.1,9.0,7.3,Moderate Controversy Level,2.0,15th percentile
NEM,Newmont Mining Corporation,Materials,36.61,26.34,0.8101539,-1.18,42.04,31.42,19749449484,1509000000,3.7076392,1.81,http://www.sec.gov/cgi-bin/browse-edgar?action=getcompany&CIK=NEM,20.5,7.1,5.2,8.2,Significant Controversy Level,3.0,30th percentile
NWSA,News Corp. Class A,Consumer Discretionary,15.65,43.47,1.24533,-1.28,17.29,12.0,9356906461,679000000,1.5518167,0.85,http://www.sec.gov/cgi-bin/browse-edgar?action=getcompany&CIK=NWSA,11.5,0.0,6.7,4.7,Moderate Controversy Level,2.0,4th percentile
NWS,News Corp. Class B,Consumer Discretionary,15.85,44.03,1.2269939,-1.28,17.7,12.35,9496735699,679000000,1.5718216,0.86,http://www.sec.gov/cgi-bin/browse-edgar?action=getcompany&CIK=NWS,21.703260869565216,5.863586956521731,6.7103260869565196,9.129076086956516,,2.0458452722063036,
NEE,NextEra Energy,Utilities,145.29,21.65,2.6537917,11.39,159.64,124.18,69661177770,9018000000,4.091698,2.75,http://www.sec.gov/cgi-bin/browse-edgar?action=getcompany&CIK=NEE,23.3,9.4,5.6,8.3,Moderate Controversy Level,2.0,41st percentile
NKE,Nike,Consumer Discretionary,62.49,24.9,1.2189548,2.51,68.83,50.35,106776113744,5162000000,3.0549932,8.91,http://www.sec.gov/cgi-bin/browse-edgar?action=getcompany&CIK=NKE,19.6,3.0,6.7,10.0,Significant Controversy Level,3.0,27th percentile
NI,NiSource Inc.,Utilities,22.51,19.57,3.3780859,1.02,27.76,21.93,7776566371,1448600000,2.2361343,1.82,http://www.sec.gov/cgi-bin/browse-edgar?action=getcompany&CIK=NI,26.0,12.0,4.9,9.2,Significant Controversy Level,3.0,53rd percentile
NSC,Norfolk Southern Corp.,Industrials,136.89,20.65,2.018503,18.73,157.1499,109.27,40543547441,4737000000,3.8525908,3.09,http://www.sec.gov/cgi-bin/browse-edgar?action=getcompany&CIK=NSC,23.9,8.0,5.4,10.5,Significant Controversy Level,3.0,44th percentile
NTRS,Northern Trust Corp.,Financials,96.2,19.96,1.6678249,4.92,108.91,83.17,22908130223,0,4.031728,2.44,http://www.sec.gov/cgi-bin/browse-edgar?action=getcompany&CIK=NTRS,23.9,1.9,10.2,11.8,Moderate Controversy Level,2.0,44th percentile
NOC,Northrop Grumman Corp.,Industrials,324.01,24.4,1.3030859,11.47,349.18,231.98,58782413951,3884000000,2.209576,7.96,http://www.sec.gov/cgi-bin/browse-edgar?action=getcompany&CIK=NOC,27.5,7.8,5.4,14.4,Moderate Controversy Level,2.0,59th percentile
NCLH,Norwegian Cruise Line,Consumer Discretionary,56.01,15.35,0.0,2.78,61.48,46.96,13191507318,1529401000,3.2066104,2.35,http://www.sec.gov/cgi-bin/browse-edgar?action=getcompany&CIK=NCLH,25.9,9.0,6.1,10.9,Moderate Controversy Level,2.0,53rd percentile
NRG,NRG Energy,Utilities,24.0,17.78,1.4195584,-2.23,29.78,14.52,8030036023,1774000000,0.9933021,6.73,http://www.sec.gov/cgi-bin/browse-edgar?action=getcompany&CIK=NRG,32.0,16.8,5.7,9.5,Moderate Controversy Level,2.0,75th percentile
NUE,Nucor Corp.,Materials,60.38,17.01,2.415766,4.1,70.48,51.67,20003317128,2648729000,0.99837583,2.34,http://www.sec.gov/cgi-bin/browse-edgar?action=getcompany&CIK=NUE,32.8,9.3,8.8,14.7,Moderate Controversy Level,2.0,78th percentile
NVDA,Nvidia Corporation,Information Technology,217.52,82.08,0.26223776,2.57,249.27,95.17,138652800000,3098000000,20.094294,20.39,http://www.sec.gov/cgi-bin/browse-edgar?action=getcompany&CIK=NVDA,13.6,2.3,6.3,4.9,Moderate Controversy Level,2.0,8th percentile
ORLY,O'Reilly Automotive,Consumer Discretionary,252.22,21.91,0.0,10.73,279.23,169.43,21433781860,1965187000,3.1934319,34.12,http://www.sec.gov/cgi-bin/browse-edgar?action=getcompany&CIK=ORLY,12.1,0.1,3.8,8.1,Low Controversy Level,1.0,5th percentile
OXY,Occidental Petroleum,Energy,68.47,195.63,4.4081864,-0.75,78.09,57.2,53467692395,5205000000,6.044895,13.734128686327065,http://www.sec.gov/cgi-bin/browse-edgar?action=getcompany&CIK=OXY,41.7,25.0,7.0,9.7,Moderate Controversy Level,2.0,93rd percentile
OMC,Omnicom Group,Consumer Discretionary,75.91,15.27,3.1838684,4.79,86.71,65.32,17377551986,2366000000,1.5327156,6.66,http://www.sec.gov/cgi-bin/browse-edgar?action=getcompany&CIK=OMC,16.3,0.1,6.9,9.3,Low Controversy Level,1.0,15th percentile
OKE,ONEOK,Energy,54.4,34.0,5.4436197,1.66,61.36,47.14,21988472489,1851783000,2.6159565,4.03,http://www.sec.gov/cgi-bin/browse-edgar?action=getcompany&CIK=OKE,25.1,10.8,3.3,11.0,Low Controversy Level,1.0,50th percentile
ORCL,Oracle Corp.,Information Technology,46.84,18.81,1.5551463,2.2,53.14,40.01,202302349740,16545000000,5.2561646,3.56,http://www.sec.gov/cgi-bin/browse-edgar?action=getcompany&CIK=ORCL,13.9,0.5,5.6,7.8,Moderate Controversy Level,2.0,9th percentile
PCAR,PACCAR Inc.,Industrials,66.98,15.72,1.455816,4.75,79.69,61.93,24152102921,3619200000,1.28693,3.07,http://www.sec.gov/cgi-bin/browse-edgar?action=getcompany&CIK=PCAR,27.6,8.4,8.3,11.0,Significant Controversy Level,3.0,60th percentile
PKG,Packaging Corporation of America,Materials,111.95,18.57,2.1514556,7.07,131.1316,88.47,11051273948,1214900000,1.741522,5.54,http://www.sec.gov/cgi-bin/browse-edgar?action=getcompany&CIK=PKG,18.6,14.0,3.6,1.1,Low Controversy Level,1.0,23rd percentile
PH,Parker-Hannifin,Industrials,174.51,21.6,1.4401833,7.24,212.8,145.38,24421668509,2092089000,1.8652664,4.39,http://www.sec.gov/cgi-bin/browse-edgar?action=getcompany&CIK=PH,29.5,9.5,6.2,13.8,Moderate Controversy Level,2.0,67th percentile
PAYX,Paychex Inc.,Information Technology,61.86,27.49,3.0892801,2.26,73.1,54.2,23253666810,1414900000,7.248487,11.77,http://www.sec.gov/cgi-bin/browse-edgar?action=getcompany&CIK=PAYX,16.7,3.2,6.4,7.2,Low Controversy Level,1.0,16th percentile
PYPL,PayPal,Information Technology,72.32,49.53,0.0,1.47,86.32,39.92,90708000000,2932000000,6.935696,5.81,http://www.sec.gov/cgi-bin/browse-edgar?action=getcompany&CIK=PYPL,17.8,2.8,5.8,9.2,Moderate Controversy Level,2.0,20th percentile
PNR,Pentair Ltd.,Industrials,66.67,18.89,2.03933,3.63,74.84,57.63,12466660892,863700000,2.5191512,2.48,http://www.sec.gov/cgi-bin/browse-edgar?action=getcompany&CIK=PNR,22.1,6.0,6.1,10.0,Low Controversy Level,1.0,36th percentile
PEP,PepsiCo Inc.,Consumer Staples,110.15,21.51,2.8370044,4.36,122.51,104.77,161413271020,12843000000,3.6705062,13.734128686327065,http://www.sec.gov/cgi-bin/browse-edgar?action=getcompany&CIK=PEP,22.1,7.3,5.2,9.6,Significant Controversy Level,3.0,36th percentile
PFE,Pfizer Inc.,Health Care,33.63,12.69,3.8879359,3.51,39.43,31.67,208505541949,20569000000,4.0020885,3.4,http://www.sec.gov/cgi-bin/browse-edgar?action=getcompany&CIK=PFE,24.6,2.1,9.6,12.9,Significant Controversy Level,3.0,47th percentile
PCG,PG&E Corp.,Utilities,38.24,8.75,0.0,2.78,71.57,38.45,20309412381,6471000000,1.5730644,1.09,http://www.sec.gov/cgi-bin/browse-edgar?action=getcompany&CIK=PCG,30.4,9.6,5.4,15.4,High Controversy Level,4.0,70th percentile
PM,Philip Morris International,Consumer Staples,100.39,22.36,4.328479,4.48,123.55,96.66,153580671803,11802000000,2.7574685,1318.7,http://www.sec.gov/cgi-bin/browse-edgar?action=getcompany&CIK=PM,28.5,3.4,11.5,13.5,Significant Controversy Level,3.0,63rd percentile
PSX,Phillips 66,Energy,92.44,21.11,2.928564,9.93,107.47,75.135,47996220000,5311000000,0.47499472,2.12,http://www.sec.gov/cgi-bin/browse-edgar?action=getcompany&CIK=PSX,35.4,20.8,5.8,8.8,Significant Controversy Level,3.0,84th percentile
PNW,Pinnacle West Capital,Utilities,74.34,16.06,3.698776,3.95,92.48,73.81,8397609889,1614399000,2.9931207,1.65,http://www.sec.gov/cgi-bin/browse-edgar?action=getcompany&CIK=PNW,30.8,14.7,5.8,10.2,Low Controversy Level,1.0,72nd percentile
PNC,PNC Financial Services,Financials,149.38,17.55,1.9354838,10.4,160.07,115.25,73315000000,0,4.04653,1.53,http://www.sec.gov/cgi-bin/browse-edgar?action=getcompany&CIK=PNC,26.1,1.9,10.8,13.3,Significant Controversy Level,3.0,53rd percentile
RL,Polo Ralph Lauren Corp.,Consumer Discretionary,101.32,17.74,1.8570102,-1.19,119.33,66.06,8753430477,506100000,1.3948758,2.44,http://www.sec.gov/cgi-bin/browse-edgar?action=getcompany&CIK=RL,14.6,1.2,5.6,7.8,Moderate Controversy Level,2.0,10th percentile
PPG,PPG Industries,Materials,110.3,18.73,1.5771489,6.31,122.0697,99.57,29043337549,2585000000,1.9551051,4.83,http://www.sec.gov/cgi-bin/browse-edgar?action=getcompany&CIK=PPG,25.2,11.0,6.5,7.7,Moderate Controversy Level,2.0,50th percentile
PPL,PPL Corp.,Utilities,29.52,12.83,5.2196894,2.79,40.2,29.205,20839814845,3937000000,3.7497053,1.95,http://www.sec.gov/cgi-bin/browse-edgar?action=getcompany&CIK=PPL,31.3,17.1,5.3,8.9,Moderate Controversy Level,2.0,74th percentile
PFG,Principal Financial Group,Financials,60.38,11.96,3.1914895,4.5,75.585,58.9401,18457199721,0,1.7167546,1.53,http://www.sec.gov/cgi-bin/browse-edgar?action=getcompany&CIK=PFG,14.2,0.8,7.6,5.8,Low Controversy Level,1.0,9th percentile
PG,Procter & Gamble,Consumer Staples,80.22,20.46,3.3704789,5.6,94.67,80.1,206318943299,17249000000,3.1595004,3.85,http://www.sec.gov/cgi-bin/browse-edgar?action=getcompany&CIK=PG,28.6,9.6,6.7,12.2,Significant Controversy Level,3.0,63rd percentile
PGR,Progressive Corp.,Financials,51.07,20.76,2.1061797,2.73,58.25,36.84,31062780000,0,1.1458876,3.25,http://www.sec.gov/cgi-bin/browse-edgar?action=getcompany&CIK=PGR,20.0,1.5,10.1,8.5,Moderate Controversy Level,2.0,28th percentile
PLD,Prologis,Real Estate,58.33,20.76,2.931379,3.06,67.53,48.69,31953288000,2969194000,14.380373,2.11,http://www.sec.gov/cgi-bin/browse-edgar?action=getcompany&CIK=PLD,10.3,2.7,5.0,2.5,Low Controversy Level,1.0,3rd percentile
PRU,Prudential Financial,Financials,103.38,9.99,2.6985698,9.73,127.14,97.88,47136080000,0,1.083727,0.93,http://www.sec.gov/cgi-bin/browse-edgar?action=getcompany&CIK=PRU,19.9,0.6,9.3,10.0,Low Controversy Level,1.0,28th percentile
PEG,Public Serv. Enterprise Inc.,Utilities,46.73,16.11,3.60587,1.75,53.28,41.67,24138050331,3613000000,3.4491453,1.88,http://www.sec.gov/cgi-bin/browse-edgar?action=getcompany&CIK=PEG,27.2,12.5,5.5,9.3,Moderate Controversy Level,2.0,58th percentile
PSA,Public Storage,Real Estate,180.49,18.21,4.316159,6.81,232.21,180.9254,32258539942,1924803000,16.16417,6.56,http://www.sec.gov/cgi-bin/browse-edgar?action=getcompany&CIK=PSA,13.1,4.7,5.7,2.6,Low Controversy Level,1.0,7th percentile
PHM,Pulte Homes Inc.,Consumer Discretionary,28.67,12.86,1.2036108,1.44,35.21,21.06,8792572352,992811000,1.0341544,1.99,http://www.sec.gov/cgi-bin/browse-edgar?action=getcompany&CIK=PHM,21.4,9.2,4.9,7.3,Moderate Controversy Level,2.0,34th percentile
QRVO,Qorvo,Information Technology,76.85,19.71,0.0,-0.13,85.24,62.68,9877885146,806875000,3.389142,1.98,http://www.sec.gov/cgi-bin/browse-edgar?action=getcompany&CIK=QRVO,28.5,12.3,7.7,8.5,None Controversy Level,2.0458452722063036,63rd percentile
QCOM,QUALCOMM Inc.,Information Technology,62.42,16.51,3.5055351,1.65,69.28,48.92,96282828902,4191000000,4.263658,3.82,http://www.sec.gov/cgi-bin/browse-edgar?action=getcompany&CIK=QCOM,15.4,5.3,5.6,4.5,Significant Controversy Level,3.0,12th percentile
PWR,Quanta Services Inc.,Industrials,33.51,17.54,0.0,1.28,40.105,30.23,5330131216,649404000,0.77893436,1.43,http://www.sec.gov/cgi-bin/browse-edgar?action=getcompany&CIK=PWR,36.9,12.1,9.0,15.7,Moderate Controversy Level,2.0,88th percentile
DGX,Quest Diagnostics,Health Care,96.42,17.07,1.9884669,5.5,112.965,90.1,13578300000,1453000000,1.7709883,2.82,http://www.sec.gov/cgi-bin/browse-edgar?action=getcompany&CIK=DGX,21.2,0.1,8.0,13.1,Significant Controversy Level,3.0,33rd percentile
RJF,Raymond James Financial Inc.,Financials,86.06,16.94,1.0982976,4.12,99.1,71.35,13216271700,0,1.9734555,2.34,http://www.sec.gov/cgi-bin/browse-edgar?action=getcompany&CIK=RJF,27.0,2.3,13.4,11.2,Moderate Controversy Level,2.0,57th percentile
O,Realty Income Corporation,Real Estate,47.56,15.54,5.372036,1.12,63.6,48.89,13784942453,1075568000,15.588069,1.92,http://www.sec.gov/cgi-bin/browse-edgar?action=getcompany&CIK=O,15.5,4.4,5.7,5.3,Moderate Controversy Level,2.0,13th percentile
REG,Regency Centers Corporation,Real Estate,55.58,15.27,3.6850338,1.43,72.05,56.66,9858367494,487636000,13.762162,1.51,http://www.sec.gov/cgi-bin/browse-edgar?action=getcompany&CIK=REG,11.7,3.7,4.8,3.2,None Controversy Level,2.0458452722063036,5th percentile
REGN,Regeneron,Health Care,322.62,27.93,0.0,7.74,543.5518,319.5,35950369241,2043160000,8.48541,5.89,http://www.sec.gov/cgi-bin/browse-edgar?action=getcompany&CIK=REGN,18.0,0.3,6.7,11.0,Moderate Controversy Level,2.0,21st percentile
RF,Regions Financial Corp.,Financials,17.9,17.9,1.8987342,1.0,19.9,13.0,21500640000,0,3.474771,1.32,http://www.sec.gov/cgi-bin/browse-edgar?action=getcompany&CIK=RF,16.9,1.8,8.4,6.7,Moderate Controversy Level,2.0,17th percentile
RSG,Republic Services Inc,Industrials,62.72,26.13,2.1362228,1.77,69.4,57.53,21590903863,2734000000,2.8841186,2.83,http://www.sec.gov/cgi-bin/browse-edgar?action=getcompany&CIK=RSG,20.9,11.2,3.7,6.0,Significant Controversy Level,3.0,31st percentile
RMD,ResMed,Health Care,89.26,31.54,1.5120423,2.41,104.78,67.04,13233622689,636942000,6.1640687,6.61,http://www.sec.gov/cgi-bin/browse-edgar?action=getcompany&CIK=RMD,26.4,3.5,10.4,12.4,Low Controversy Level,1.0,55th percentile
RHI,Robert Half International,Industrials,52.26,20.18,1.7075773,2.32,60.59,42.92,7047165475,565196000,1.3330402,5.98,http://www.sec.gov/cgi-bin/browse-edgar?action=getcompany&CIK=RHI,10.9,0.1,3.4,7.4,Low Controversy Level,1.0,3rd percentile
ROK,Rockwell Automation Inc.,Industrials,178.73,26.48,1.7692552,6.35,210.72,147.67,24123216432,1323200000,3.760594,10.94,http://www.sec.gov/cgi-bin/browse-edgar?action=getcompany&CIK=ROK,17.7,5.4,5.7,6.6,Moderate Controversy Level,2.0,19th percentile
ROP,Roper Technologies,Industrials,259.4,27.57,0.61985797,9.38,290.415,191.22,27247789759,1555209000,5.9715905,4.23,http://www.sec.gov/cgi-bin/browse-edgar?action=getcompany&CIK=ROP,20.4,4.7,6.1,9.7,None Controversy Level,2.0458452722063036,30th percentile
ROST,Ross Stores,Consumer Discretionary,75.06,26.52,0.82061803,2.83,85.66,52.85,29803566306,2247009000,2.9734495,10.28,http://www.sec.gov/cgi-bin/browse-edgar?action=getcompany&CIK=ROST,18.2,1.8,5.7,10.8,Moderate Controversy Level,2.0,21st percentile
RCL,Royal Caribbean Cruises Ltd,Consumer Discretionary,122.45,16.26,1.8674136,7.53,135.65,93.4,27418147452,2876309000,3.1026611,2.56,http://www.sec.gov/cgi-bin/browse-edgar?action=getcompany&CIK=RCL,20.7,8.1,4.9,7.7,Significant Controversy Level,3.0,31st percentile
SPGI,"S&P Global, Inc.",Financials,173.31,27.38,1.0947506,7.95,185.38,124.64,46585950000,3021000000,10.254704,50.56,http://www.sec.gov/cgi-bin/browse-edgar?action=getcompany&CIK=SPGI,13.0,0.0,6.8,6.2,Low Controversy Level,1.0,7th percentile
CRM,Salesforce.com,Information Technology,104.03,520.15,0.0,0.27,114.52,79.63,79489115000,925804000,10.3738785,8.81,http://www.sec.gov/cgi-bin/browse-edgar?action=getcompany&CIK=CRM,14.9,2.0,5.4,7.5,Low Controversy Level,1.0,11th percentile
SBAC,SBA Communications,Real Estate,159.85,199.81,0.0,0.62,177.67,103.51,19572031314,1074240000,15.189207,91.04,http://www.sec.gov/cgi-bin/browse-edgar?action=getcompany&CIK=SBAC,11.6,3.1,5.2,3.2,None Controversy Level,2.0458452722063036,4th percentile
SLB,Schlumberger Ltd.,Energy,67.4,44.93,2.8673835,-1.08,82.71,61.02,96529311126,3222000000,3.2297828,2.64,http://www.sec.gov/cgi-bin/browse-edgar?action=getcompany&CIK=SLB,20.3,8.1,5.9,6.3,Low Controversy Level,1.0,29th percentile
STX,Seagate Technology,Information Technology,47.44,11.51,5.085772,2.58,56.45,30.6,14113197720,1811000000,1.3048558,13.33,http://www.sec.gov/cgi-bin/browse-edgar?action=getcompany&CIK=STX,10.7,1.6,5.3,3.8,Low Controversy Level,1.0,2nd percentile
SRE,Sempra Energy,Utilities,103.36,19.14,3.1607263,5.45,122.975,100.63,26163862235,3763000000,3.15303,1.98,http://www.sec.gov/cgi-bin/browse-edgar?action=getcompany&CIK=SRE,23.6,10.9,4.9,7.8,Moderate Controversy Level,2.0,43rd percentile
SHW,Sherwin-Williams,Materials,387.65,26.75,0.8426688,18.61,435.15,302.0101,37730994828,2160668000,2.5276077,13.42,http://www.sec.gov/cgi-bin/browse-edgar?action=getcompany&CIK=SHW,29.4,14.3,5.8,9.2,Moderate Controversy Level,2.0,66th percentile
SPG,Simon Property Group Inc,Real Estate,152.18,13.56,5.0368075,6.25,187.35,150.15,48139839531,4411515000,8.754495,13.24,http://www.sec.gov/cgi-bin/browse-edgar?action=getcompany&CIK=SPG,14.0,3.8,6.2,4.0,Low Controversy Level,1.0,9th percentile
SWKS,Skyworks Solutions,Information Technology,99.04,16.45,1.2629502,5.41,117.65,90.53,18493080922,1122900000,6.9704437,4.25,http://www.sec.gov/cgi-bin/browse-edgar?action=getcompany&CIK=SWKS,28.0,11.8,7.2,8.9,Low Controversy Level,1.0,61st percentile
SNA,Snap-On Inc.,Consumer Discretionary,156.72,15.81,1.968433,9.2,185.47,140.83,9499107736,982200000,3.5114813,3.21,http://www.sec.gov/cgi-bin/browse-edgar?action=getcompany&CIK=SNA,30.5,9.0,7.6,13.9,Moderate Controversy Level,2.0,71st percentile
SO,Southern Co.,Utilities,43.4,15.78,5.3530226,2.53,53.51,42.63,43497224128,6012000000,2.5080602,1.82,http://www.sec.gov/cgi-bin/browse-edgar?action=getcompany&CIK=SO,33.0,14.7,7.3,11.0,Moderate Controversy Level,2.0,78th percentile
LUV,Southwest Airlines,Industrials,55.63,15.89,0.863707,5.82,66.985,49.76,34351211637,4533000000,1.6294897,3.84,http://www.sec.gov/cgi-bin/browse-edgar?action=getcompany&CIK=LUV,30.7,11.0,5.9,13.7,Moderate Controversy Level,2.0,71st percentile
SWK,Stanley Black & Decker,Consumer Discretionary,152.86,20.57,1.5775635,8.05,176.62,121.09,24496399600,2264600000,1.944325,3.34,http://www.sec.gov/cgi-bin/browse-edgar?action=getcompany&CIK=SWK,25.3,5.0,7.8,12.5,Moderate Controversy Level,2.0,50th percentile
SBUX,Starbucks Corp.,Consumer Discretionary,53.77,25.98,2.203452,1.97,64.87,52.58,76548976000,7361500000,3.4392443,13.36,http://www.sec.gov/cgi-bin/browse-edgar?action=getcompany&CIK=SBUX,24.7,5.8,4.3,14.6,Significant Controversy Level,3.0,48th percentile
STT,State Street Corp.,Financials,98.54,15.35,1.6228749,5.23,114.27,75.27,38059113300,0,3.263072,1.95,http://www.sec.gov/cgi-bin/browse-edgar?action=getcompany&CIK=STT,24.1,1.6,9.5,12.9,Low Controversy Level,1.0,45th percentile
SYK,Stryker Corp.,Health Care,148.01,23.46,1.2234008,2.68,170.0,122.01,57509096756,2863000000,4.635566,5.54,http://www.sec.gov/cgi-bin/browse-edgar?action=getcompany&CIK=SYK,28.3,4.0,11.0,13.2,Moderate Controversy Level,2.0,62nd percentile
SYF,Synchrony Financial,Financials,34.98,13.35,1.6,2.41,40.59,26.01,28893750000,0,2.1096623,1.97,http://www.sec.gov/cgi-bin/browse-edgar?action=getcompany&CIK=SYF,17.3,0.1,7.3,9.9,Moderate Controversy Level,2.0,18th percentile
SNPS,Synopsys Inc.,Information Technology,82.62,67.72,0.0,0.87,94.8,64.75,12767067883,579844000,6.276264,3.98,http://www.sec.gov/cgi-bin/browse-edgar?action=getcompany&CIK=SNPS,14.4,3.3,4.2,6.9,None Controversy Level,2.0458452722063036,10th percentile
SYY,Sysco Corp.,Consumer Staples,57.0,22.98,2.4644873,2.08,64.27,48.85,30445320778,2988725000,0.7295535,13.4,http://www.sec.gov/cgi-bin/browse-edgar?action=getcompany&CIK=SYY,15.9,5.4,4.5,6.1,Moderate Controversy Level,2.0,14th percentile
TROW,T. Rowe Price Group,Financials,101.99,19.92,2.140443,4.75,120.07,66.7,25810865035,2281400000,7.3911157,4.61,http://www.sec.gov/cgi-bin/browse-edgar?action=getcompany&CIK=TROW,16.9,2.4,5.6,8.9,Low Controversy Level,1.0,17th percentile
TPR,"Tapestry, Inc.",Consumer Discretionary,48.85,25.711137566137555,0.0,2.09,50.71,36.69,14247199374,0,4.0785494,4.35,http://www.sec.gov/cgi-bin/browse-edgar?action=getcompany&CIK=TPR,14.8,1.1,5.2,8.6,Moderate Controversy Level,2.0,11th percentile
TGT,Target Corp.,Consumer Discretionary,71.11,14.19,3.3856654,4.71,78.7,48.56,39816696539,7105000000,0.8047394,3.45,http://www.sec.gov/cgi-bin/browse-edgar?action=getcompany&CIK=TGT,14.4,1.9,4.9,7.6,Significant Controversy Level,3.0,10th percentile
TEL,TE Connectivity Ltd.,Information Technology,95.27,19.72,1.6062645,4.71,108.23,71.93,34983666316,2797000000,2.5734365,3.6,http://www.sec.gov/cgi-bin/browse-edgar?action=getcompany&CIK=TEL,14.8,5.8,4.6,4.4,None Controversy Level,2.0458452722063036,11th percentile
TXN,Texas Instruments,Information Technology,97.66,24.05,2.4318495,3.6,120.75,74.52,100262526470,7013000000,6.9572234,9.32,http://www.sec.gov/cgi-bin/browse-edgar?action=getcompany&CIK=TXN,20.6,7.8,6.9,6.0,Moderate Controversy Level,2.0,30th percentile
TXT,Textron Inc.,Industrials,55.54,22.13,0.1381454,1.14,62.19,45.0,15254672353,1454000000,1.0645695,2.57,http://www.sec.gov/cgi-bin/browse-edgar?action=getcompany&CIK=TXT,33.6,10.9,6.6,16.1,Moderate Controversy Level,2.0,80th percentile
BK,The Bank of New York Mellon Corp.,Financials,53.29,14.76,1.7347307,3.73,58.99,44.91,56083904906,0,3.3834257,1.49,http://www.sec.gov/cgi-bin/browse-edgar?action=getcompany&CIK=BK,20.9,1.1,9.9,9.9,Moderate Controversy Level,2.0,31st percentile
CLX,The Clorox Company,Consumer Staples,127.76,23.44,2.6286967,5.33,150.4,124.09,16540418002,1295000000,2.798683,21.62,http://www.sec.gov/cgi-bin/browse-edgar?action=getcompany&CIK=CLX,21.6,7.7,5.3,8.6,Moderate Controversy Level,2.0,35th percentile
COO,The Cooper Companies,Health Care,223.17,22.96,0.026033757,7.52,256.39,187.02,11297958140,615700000,6.8538465,3.57,http://www.sec.gov/cgi-bin/browse-edgar?action=getcompany&CIK=COO,17.5,2.7,6.0,8.8,Moderate Controversy Level,2.0,19th percentile
HSY,The Hershey Company,Consumer Staples,97.65,20.51,2.6494346,3.66,116.49,98.851,20867272020,1404123000,2.8396711,25.64,http://www.sec.gov/cgi-bin/browse-edgar?action=getcompany&CIK=HSY,26.0,10.5,5.1,10.4,Significant Controversy Level,3.0,53rd percentile
MOS,The Mosaic Company,Materials,24.13,23.66,0.3960396,0.85,34.36,19.23,9726962131,1165100000,1.8161958,0.94,http://www.sec.gov/cgi-bin/browse-edgar?action=getcompany&CIK=MOS,33.5,13.9,8.6,11.1,Moderate Controversy Level,2.0,80th percentile
TRV,The Travelers Companies Inc.,Financials,135.01,16.48,2.0261714,7.31,150.55,113.76,38903131815,0,1.33382,1.63,http://www.sec.gov/cgi-bin/browse-edgar?action=getcompany&CIK=TRV,20.3,1.0,10.0,9.3,Low Controversy Level,1.0,29th percentile
DIS,The Walt Disney Company,Consumer Discretionary,101.35,17.78,1.6036655,5.7,116.1,96.2,157817273295,12544000000,3.9635563,3.82,http://www.sec.gov/cgi-bin/browse-edgar?action=getcompany&CIK=DIS,15.7,0.0,6.7,9.0,Moderate Controversy Level,2.0,13th percentile
TMO,Thermo Fisher Scientific,Health Care,198.73,21.84,0.3276319,5.6,226.44,151.69,83226586345,4751300000,4.015666,3.38,http://www.sec.gov/cgi-bin/browse-edgar?action=getcompany&CIK=TMO,12.8,1.4,6.5,4.9,Significant Controversy Level,3.0,6th percentile
TJX,TJX Companies Inc.,Consumer Discretionary,74.36,21.01,1.64042,3.46,81.46,66.44,48181450881,4600216000,1.9293598,10.35,http://www.sec.gov/cgi-bin/browse-edgar?action=getcompany&CIK=TJX,14.4,1.9,4.8,7.7,Moderate Controversy Level,2.0,10th percentile
TSCO,Tractor Supply Company,Consumer Discretionary,65.94,19.57,1.6030874,3.3,82.68,49.87,8459271203,859519000,1.1642125,6.01,http://www.sec.gov/cgi-bin/browse-edgar?action=getcompany&CIK=TSCO,16.1,3.4,4.5,8.2,Moderate Controversy Level,2.0,14th percentile
TDG,TransDigm Group,Industrials,283.0,23.76,0.0,7.92,321.38,203.72,15241203731,1635916000,4.268832,13.734128686327065,http://www.sec.gov/cgi-bin/browse-edgar?action=getcompany&CIK=TDG,38.7,12.0,9.0,17.7,Moderate Controversy Level,2.0,90th percentile
FOXA,Twenty-First Century Fox Class A,Consumer Discretionary,34.56,17.81,0.9983361,1.59,39.135,24.81,44027094922,5280000000,2.1080317,4.11,http://www.sec.gov/cgi-bin/browse-edgar?action=getcompany&CIK=FOXA,21.703260869565216,5.863586956521731,6.7103260869565196,9.129076086956516,,2.0458452722063036,
FOX,Twenty-First Century Fox Class B,Consumer Discretionary,34.09,17.57,1.0084034,1.59,38.56,24.3,66135313503,5280000000,3.1654842,4.04,http://www.sec.gov/cgi-bin/browse-edgar?action=getcompany&CIK=FOX,21.703260869565216,5.863586956521731,6.7103260869565196,9.129076086956516,,2.0458452722063036,
TSN,Tyson Foods,Consumer Staples,73.92,13.92,1.6353229,4.79,84.65,57.2,26957526800,2521000000,0.93730986,2.55,http://www.sec.gov/cgi-bin/browse-edgar?action=getcompany&CIK=TSN,35.9,14.0,9.5,12.4,High Controversy Level,4.0,85th percentile
USB,U.S. Bancorp,Financials,52.65,15.35,2.189781,3.52,58.5,49.535,90940115897,0,3.7773547,2.09,http://www.sec.gov/cgi-bin/browse-edgar?action=getcompany&CIK=USB,30.3,1.8,13.0,15.5,Significant Controversy Level,3.0,70th percentile
UDR,UDR Inc,Real Estate,32.92,17.79,3.668639,1.08,40.71,33.31,9050154422,665141000,12.365829,3.27,http://www.sec.gov/cgi-bin/browse-edgar?action=getcompany&CIK=UDR,13.9,3.7,6.3,3.9,Low Controversy Level,1.0,9th percentile
ULTA,Ulta Salon Cosmetics & Fragrance Inc,Consumer Discretionary,209.09,32.07,0.0,6.52,314.86,187.96,13300000127,1002093000,3.3779113,8.04,http://www.sec.gov/cgi-bin/browse-edgar?action=getcompany&CIK=ULTA,15.6,4.1,4.3,7.3,Moderate Controversy Level,2.0,13th percentile
UNP,Union Pacific,Industrials,124.86,22.06,2.062655,13.52,143.05,101.06,101513290382,10169000000,4.8605075,13.734128686327065,http://www.sec.gov/cgi-bin/browse-edgar?action=getcompany&CIK=UNP,23.5,7.3,5.6,10.6,Moderate Controversy Level,2.0,42nd percentile
UAL,United Continental Holdings,Industrials,63.37,8.85,0.0,7.05,83.04,56.51,19363059152,5929000000,0.5020496,2.09,http://www.sec.gov/cgi-bin/browse-edgar?action=getcompany&CIK=UAL,28.6,10.8,5.0,12.8,Moderate Controversy Level,2.0,64th percentile
UNH,United Health Group Inc.,Health Care,216.46,21.47,1.3284917,10.71,250.79,156.49,218834811333,17454000000,1.0903316,4.71,http://www.sec.gov/cgi-bin/browse-edgar?action=getcompany&CIK=UNH,15.3,0.0,5.6,9.7,Significant Controversy Level,3.0,12th percentile
UPS,United Parcel Service,Industrials,109.28,18.27,2.9666696,5.62,135.53,102.12,96436356833,7919000000,1.4744618,64.7,http://www.sec.gov/cgi-bin/browse-edgar?action=getcompany&CIK=UPS,18.6,4.2,5.5,8.9,Moderate Controversy Level,2.0,23rd percentile
URI,"United Rentals, Inc.",Industrials,161.99,16.33,0.0,15.72,189.0,100.621,14654954091,2760000000,2.1782618,4.53,http://www.sec.gov/cgi-bin/browse-edgar?action=getcompany&CIK=URI,16.9,5.3,5.4,6.1,Low Controversy Level,1.0,17th percentile
UHS,"Universal Health Services, Inc.",Health Care,114.87,15.36,0.34153005,7.14,129.74,95.26,11116075286,1676204000,1.3158662,2.21,http://www.sec.gov/cgi-bin/browse-edgar?action=getcompany&CIK=UHS,33.0,3.7,8.6,20.7,Significant Controversy Level,3.0,78th percentile
VLO,Valero Energy,Energy,86.77,18.74,3.5618877,9.24,99.95,60.69,39312309113,5401000000,0.4211918,1.93,http://www.sec.gov/cgi-bin/browse-edgar?action=getcompany&CIK=VLO,32.6,20.1,5.0,7.4,Moderate Controversy Level,2.0,77th percentile
VTR,Ventas Inc,Real Estate,50.92,12.21,5.965641,1.86,72.36,51.8,18865999082,1935931000,7.0740495,1.76,http://www.sec.gov/cgi-bin/browse-edgar?action=getcompany&CIK=VTR,12.9,3.4,5.6,3.9,None Controversy Level,2.0458452722063036,6th percentile
VRSN,Verisign Inc.,Information Technology,105.62,29.5,0.0,3.43,118.28,81.17,10754983829,767864000,12.401829,10.82,http://www.sec.gov/cgi-bin/browse-edgar?action=getcompany&CIK=VRSN,21.3,4.7,5.8,10.8,Low Controversy Level,1.0,33rd percentile
VRSK,Verisk Analytics,Industrials,92.28,28.84,0.0,3.45,100.54,75.6,15594677147,1011200000,9.935474,9.34,http://www.sec.gov/cgi-bin/browse-edgar?action=getcompany&CIK=VRSK,17.5,0.1,5.0,12.5,Low Controversy Level,1.0,19th percentile
VZ,Verizon Communications,Telecommunication Services,49.04,13.08,4.626544,7.36,54.77,42.8,208092277044,45745000000,1.6452544,7.96,http://www.sec.gov/cgi-bin/browse-edgar?action=getcompany&CIK=VZ,18.7,3.7,5.4,9.6,Significant Controversy Level,3.0,23rd percentile
VRTX,Vertex Pharmaceuticals Inc,Health Care,151.6,252.67,0.0,1.04,174.955,84.39,39369386348,97562000,16.185404,21.91,http://www.sec.gov/cgi-bin/browse-edgar?action=getcompany&CIK=VRTX,22.7,0.8,6.6,15.4,Moderate Controversy Level,2.0,39th percentile
V,Visa Inc.,Information Technology,113.86,32.72,0.70204765,2.8,126.88,84.88,270038723213,13086000000,14.433654,9.4,http://www.sec.gov/cgi-bin/browse-edgar?action=getcompany&CIK=V,16.7,1.8,6.7,8.2,Significant Controversy Level,3.0,16th percentile
VMC,Vulcan Materials,Materials,121.47,40.9,0.7797879,3.1,141.2,108.95,16964162228,970976000,5.7576876,3.54,http://www.sec.gov/cgi-bin/browse-edgar?action=getcompany&CIK=VMC,29.3,13.4,9.1,6.8,Moderate Controversy Level,2.0,66th percentile
WMT,Wal-Mart Stores,Consumer Staples,100.02,23.1,1.983471,4.39,109.98,66.89,304680931618,30721000000,0.82099426,3.89,http://www.sec.gov/cgi-bin/browse-edgar?action=getcompany&CIK=WMT,25.3,5.9,7.1,12.4,Significant Controversy Level,3.0,50th percentile
WBA,Walgreens Boots Alliance,Consumer Staples,68.22,13.38,2.2368238,3.78,88.0,63.82,70862541911,7083000000,0.5904388,3.06,http://www.sec.gov/cgi-bin/browse-edgar?action=getcompany&CIK=WBA,16.3,1.8,5.2,9.3,Significant Controversy Level,3.0,15th percentile
WM,Waste Management Inc.,Industrials,79.12,25.36,2.0800195,2.66,89.73,69.55,35488486675,3896000000,3.2787669,6.73,http://www.sec.gov/cgi-bin/browse-edgar?action=getcompany&CIK=WM,16.6,8.1,3.3,5.2,Moderate Controversy Level,2.0,16th percentile
WAT,Waters Corporation,Health Care,191.79,26.64,0.0,0.19,220.2,145.94,16064078572,773932000,6.9824114,6.15,http://www.sec.gov/cgi-bin/browse-edgar?action=getcompany&CIK=WAT,14.6,1.4,5.1,8.2,None Controversy Level,2.0458452722063036,10th percentile
WEC,Wec Energy Group Inc,Utilities,59.5,19.57,3.691948,3.79,70.09,56.63,18890296993,2736500000,2.4834197,2.1,http://www.sec.gov/cgi-bin/browse-edgar?action=getcompany&CIK=WEC,27.5,13.4,5.1,9.0,Low Controversy Level,1.0,59th percentile
WFC,Wells Fargo,Financials,55.4,13.58,2.7111576,4.07,66.31,49.27,281463620775,0,2.8728192,1.58,http://www.sec.gov/cgi-bin/browse-edgar?action=getcompany&CIK=WFC,36.2,2.0,19.4,14.8,Severe Controversy Level,5.0,87th percentile
WDC,Western Digital,Information Technology,80.09,10.19,2.389201,1.29,95.77,71.38,24760297793,5169000000,1.245503,2.0,http://www.sec.gov/cgi-bin/browse-edgar?action=getcompany&CIK=WDC,11.4,1.5,6.1,3.9,Moderate Controversy Level,2.0,4th percentile
WRK,WestRock Company,Materials,60.93,23.26,2.6699784,2.77,71.55,49.23,16433340688,2262300000,1.075785,1.58,http://www.sec.gov/cgi-bin/browse-edgar?action=getcompany&CIK=WRK,21.703260869565216,5.863586956521731,6.7103260869565196,9.129076086956516,,2.0458452722063036,
WY,Weyerhaeuser Corp.,Real Estate,33.6,34.29,3.7079954,0.77,37.89,30.9504,26070297960,1365000000,3.6396794,2.9,http://www.sec.gov/cgi-bin/browse-edgar?action=getcompany&CIK=WY,16.7,9.1,3.5,4.2,Moderate Controversy Level,2.0,16th percentile
WMB,Williams Cos.,Energy,28.56,48.41,4.0,-0.57,33.67,26.8188,24802396470,3955000000,4.2982845,3.01,http://www.sec.gov/cgi-bin/browse-edgar?action=getcompany&CIK=WMB,21.8,8.7,3.0,10.1,Moderate Controversy Level,2.0,35th percentile
WYNN,Wynn Resorts Ltd,Consumer Discretionary,169.28,31.7,1.1279043,7.27,203.63,92.67,18225400525,1501301000,2.478658,51.69,http://www.sec.gov/cgi-bin/browse-edgar?action=getcompany&CIK=WYNN,25.7,3.4,10.6,11.8,Moderate Controversy Level,2.0,52nd percentile
XEL,Xcel Energy Inc,Utilities,42.44,18.14,3.3914273,2.21,52.22,41.16,21559611927,3885828000,2.520456,1.94,http://www.sec.gov/cgi-bin/browse-edgar?action=getcompany&CIK=XEL,26.5,12.7,4.5,9.3,Moderate Controversy Level,2.0,55th percentile
XYL,Xylem Inc.,Industrials,70.24,30.94,1.1700794,1.83,76.81,46.86,12915021000,722000000,2.7262094,5.31,http://www.sec.gov/cgi-bin/browse-edgar?action=getcompany&CIK=XYL,18.1,4.3,5.2,8.7,Low Controversy Level,1.0,21st percentile
YUM,Yum! Brands Inc,Consumer Discretionary,76.3,27.25,1.7970798,4.07,86.93,62.85,27003303098,2289000000,6.3136363,212.08,http://www.sec.gov/cgi-bin/browse-edgar?action=getcompany&CIK=YUM,20.1,4.5,4.1,11.4,Moderate Controversy Level,2.0,28th percentile
ZBH,Zimmer Biomet Holdings,Health Care,115.53,14.32,0.7948336,9.01,133.49,108.17,24454698119,2007400000,3.1648953,2.39,http://www.sec.gov/cgi-bin/browse-edgar?action=getcompany&CIK=ZBH,26.0,3.6,7.9,14.5,Moderate Controversy Level,2.0,53rd percentile
ZTS,Zoetis,Health Care,71.51,32.8,0.68237203,1.65,80.13,52.0,35991109776,1734000000,9.280896,18.09,http://www.sec.gov/cgi-bin/browse-edgar?action=getcompany&CIK=ZTS,18.8,3.2,8.7,6.8,Moderate Controversy Level,2.0,23rd percentile
